"id","year","month","day","hour","minute","second","lat","long","id_gps"
"667960",22,3,30,12,1,46,37.154747,-3.087338,"AV598"
"702120",22,3,30,12,7,20,37.154731,-3.087349,"AV598"
"711518",22,3,30,12,12,28,37.154685,-3.087461,"AV598"
"719473",22,3,30,12,17,36,37.154724,-3.087298,"AV598"
"740436",22,3,30,12,22,57,37.154777,-3.08735,"AV598"
"748849",22,3,30,12,28,5,37.154731,-3.087311,"AV598"
"760298",22,3,30,12,33,15,37.154773,-3.087305,"AV598"
"774178",22,3,30,12,38,29,37.154747,-3.087476,"AV598"
"816224",22,3,30,12,44,11,37.154685,-3.087371,"AV598"
"855439",22,3,30,12,49,50,37.154685,-3.087338,"AV598"
"895834",22,3,30,12,55,30,37.154689,-3.087384,"AV598"
"944378",22,3,30,13,1,18,37.154712,-3.087358,"AV598"
"994104",22,3,30,13,7,7,37.154663,-3.087353,"AV598"
"1031028",22,3,30,13,12,44,37.154689,-3.087255,"AV598"
"1067195",22,3,30,13,18,20,37.154697,-3.087265,"AV598"
"1132475",22,3,30,13,24,25,37.155029,-3.089983,"AV598"
"1152926",22,3,30,13,29,44,37.155456,-3.092119,"AV598"
"1218820",22,3,30,13,35,50,37.156372,-3.093365,"AV598"
"1284102",22,3,30,13,41,55,37.156318,-3.092282,"AV598"
"1349624",22,3,30,13,48,0,37.156929,-3.093608,"AV598"
"1415533",22,3,30,13,54,5,37.156581,-3.09523,"AV598"
"1458785",22,3,30,13,59,48,37.157024,-3.097142,"AV598"
"1503433",22,3,30,14,5,32,37.157913,-3.097761,"AV598"
"1511934",22,3,30,14,10,40,37.158985,-3.097005,"AV598"
"1519950",22,3,30,14,15,47,37.159141,-3.096556,"AV598"
"1530475",22,3,30,14,20,57,37.159305,-3.095865,"AV598"
"1541004",22,3,30,14,26,7,37.159206,-3.096101,"AV598"
"1558766",22,3,30,14,31,24,37.159721,-3.094676,"AV598"
"1576000",22,3,30,14,36,41,37.160865,-3.093309,"AV598"
"1593670",22,3,30,14,41,58,37.162441,-3.093029,"AV598"
"1659585",22,3,30,14,48,3,37.159954,-3.091881,"AV598"
"1674151",22,3,30,14,53,17,37.159526,-3.091131,"AV598"
"1686238",22,3,30,14,58,28,37.158027,-3.090541,"AV598"
"1693765",22,3,30,15,3,34,37.157901,-3.090981,"AV598"
"1707857",22,3,30,15,8,48,37.158027,-3.091024,"AV598"
"1743357",22,3,30,15,14,23,37.157814,-3.091347,"AV598"
"1751866",22,3,30,15,19,30,37.157356,-3.090884,"AV598"
"1769450",22,3,30,15,24,47,37.157848,-3.089919,"AV598"
"1781588",22,3,30,15,29,58,37.158561,-3.089679,"AV598"
"1816105",22,3,30,15,35,32,37.157333,-3.090322,"AV598"
"1831094",22,3,30,15,40,46,37.157623,-3.089444,"AV598"
"1840637",22,3,30,15,45,55,37.158184,-3.088599,"AV598"
"1906192",22,3,30,15,51,59,37.157756,-3.08855,"AV598"
"1946116",22,3,30,15,57,38,37.158641,-3.08828,"AV598"
"2003149",22,3,30,16,3,35,37.158046,-3.088463,"AV598"
"2043536",22,3,30,16,9,15,37.157371,-3.088813,"AV598"
"2109043",22,3,30,16,15,20,37.156036,-3.088669,"AV598"
"2144916",22,3,30,16,20,55,37.155612,-3.089313,"AV598"
"2160131",22,3,30,16,26,10,37.15467,-3.088833,"AV598"
"2168673",22,3,30,16,31,17,37.154727,-3.08898,"AV598"
"2177203",22,3,30,16,36,25,37.154819,-3.087858,"AV598"
"2192508",22,3,30,16,41,40,37.154693,-3.087379,"AV598"
"2214207",22,3,30,16,47,1,37.154609,-3.087426,"AV598"
"2233366",22,3,30,16,52,19,37.154659,-3.0873,"AV598"
"2259924",22,3,30,16,57,45,37.154624,-3.087319,"AV598"
"2353457",22,3,30,17,9,17,37.154495,-3.087344,"AV598"
"2418846",22,3,30,17,15,22,37.154602,-3.087194,"AV598"
"2442582",22,3,30,17,20,45,37.154628,-3.087394,"AV598"
"2690527",22,3,30,17,44,52,37.154773,-3.087588,"AV598"
"2831945",22,3,30,17,57,13,37.154556,-3.087344,"AV598"
"14051945",22,3,31,9,33,37,37.154655,-3.087023,"AV598"
"14062525",22,3,31,9,38,47,37.154563,-3.087041,"AV598"
"14093937",22,3,31,9,44,18,37.154705,-3.08698,"AV598"
"14131467",22,3,31,9,49,55,37.154663,-3.086961,"AV598"
"14265168",22,3,31,10,2,8,37.154521,-3.087225,"AV598"
"14279920",22,3,31,10,7,22,37.154682,-3.087235,"AV598"
"14345599",22,3,31,10,13,28,37.154731,-3.08723,"AV598"
"14400393",22,3,31,10,19,23,37.15467,-3.087229,"AV598"
"14408886",22,3,31,10,24,31,37.154674,-3.087278,"AV598"
"14416404",22,3,31,10,29,38,37.154705,-3.087216,"AV598"
"14423924",22,3,31,10,34,44,37.154651,-3.087218,"AV598"
"14437750",22,3,31,10,39,58,37.154685,-3.087214,"AV598"
"14446276",22,3,31,10,45,6,37.154712,-3.087174,"AV598"
"14462586",22,3,31,10,50,22,37.154705,-3.087287,"AV598"
"14472615",22,3,31,10,55,31,37.154693,-3.087423,"AV598"
"14481156",22,3,31,11,0,39,37.154182,-3.088069,"AV598"
"14490703",22,3,31,11,5,48,37.152214,-3.08939,"AV598"
"14499790",22,3,31,11,10,56,37.15287,-3.092165,"AV598"
"14510341",22,3,31,11,16,6,37.153923,-3.093832,"AV598"
"14519888",22,3,31,11,21,15,37.153636,-3.095018,"AV598"
"14528440",22,3,31,11,26,22,37.153228,-3.096019,"AV598"
"14537005",22,3,31,11,31,30,37.153278,-3.097005,"AV598"
"14546576",22,3,31,11,36,38,37.153732,-3.098022,"AV598"
"14558124",22,3,31,11,41,49,37.153778,-3.098928,"AV598"
"14567662",22,3,31,11,46,57,37.153656,-3.100091,"AV598"
"14577284",22,3,31,11,52,6,37.153553,-3.100527,"AV598"
"14587831",22,3,31,11,57,15,37.153747,-3.101039,"AV598"
"14596386",22,3,31,12,2,23,37.153797,-3.101034,"AV598"
"14605962",22,3,31,12,7,31,37.153987,-3.101001,"AV598"
"14619983",22,3,31,12,12,45,37.154148,-3.100921,"AV598"
"14628526",22,3,31,12,17,53,37.15451,-3.100718,"AV598"
"14638119",22,3,31,12,23,1,37.154426,-3.101682,"AV598"
"14649682",22,3,31,12,28,12,37.154556,-3.102453,"AV598"
"14659279",22,3,31,12,33,20,37.154754,-3.103029,"AV598"
"14668872",22,3,31,12,38,29,37.154979,-3.103381,"AV598"
"14678481",22,3,31,12,43,37,37.154617,-3.104424,"AV598"
"14687113",22,3,31,12,48,44,37.154579,-3.104556,"AV598"
"14695747",22,3,31,12,53,52,37.154716,-3.104572,"AV598"
"14711472",22,3,31,12,59,7,37.154472,-3.104443,"AV598"
"14777403",22,3,31,13,5,13,37.154293,-3.104488,"AV598"
"14793032",22,3,31,13,10,28,37.154357,-3.105063,"AV598"
"14805160",22,3,31,13,15,39,37.154308,-3.106171,"AV598"
"14814810",22,3,31,13,20,47,37.154834,-3.106546,"AV598"
"14825460",22,3,31,13,25,57,37.15567,-3.106353,"AV598"
"14841049",22,3,31,13,31,12,37.155513,-3.105958,"AV598"
"14857103",22,3,31,13,36,27,37.15559,-3.105898,"AV598"
"14866733",22,3,31,13,41,36,37.155727,-3.105554,"AV598"
"14875331",22,3,31,13,46,43,37.155372,-3.105395,"AV598"
"14883906",22,3,31,13,51,51,37.155838,-3.105622,"AV598"
"14900997",22,3,31,13,57,7,37.156009,-3.104985,"AV598"
"14910575",22,3,31,14,2,16,37.155647,-3.104596,"AV598"
"14919230",22,3,31,14,7,23,37.155952,-3.104514,"AV598"
"14928803",22,3,31,14,12,31,37.155845,-3.104247,"AV598"
"14941425",22,3,31,14,17,43,37.156291,-3.104454,"AV598"
"14951052",22,3,31,14,22,51,37.156028,-3.103787,"AV598"
"14961698",22,3,31,14,28,1,37.156536,-3.104243,"AV598"
"14972294",22,3,31,14,33,10,37.156612,-3.104459,"AV598"
"14983916",22,3,31,14,38,21,37.156143,-3.103624,"AV598"
"14993589",22,3,31,14,43,29,37.156093,-3.103235,"AV598"
"15007173",22,3,31,14,48,42,37.156177,-3.102964,"AV598"
"15015779",22,3,31,14,53,50,37.155662,-3.102171,"AV598"
"15025376",22,3,31,14,58,58,37.155506,-3.101566,"AV598"
"15033967",22,3,31,15,4,6,37.155708,-3.099993,"AV598"
"15043585",22,3,31,15,9,14,37.156482,-3.098181,"AV598"
"15054208",22,3,31,15,14,24,37.157096,-3.096382,"AV598"
"15062810",22,3,31,15,19,31,37.157077,-3.09502,"AV598"
"15071378",22,3,31,15,24,39,37.157478,-3.093487,"AV598"
"15079983",22,3,31,15,29,46,37.157241,-3.093054,"AV598"
"15099060",22,3,31,15,35,5,37.157176,-3.092477,"AV598"
"15108636",22,3,31,15,40,14,37.157024,-3.092412,"AV598"
"15117250",22,3,31,15,45,21,37.156501,-3.092217,"AV598"
"15134666",22,3,31,15,50,38,37.15578,-3.092041,"AV598"
"15146249",22,3,31,15,55,48,37.155662,-3.090862,"AV598"
"15155868",22,3,31,16,0,57,37.155517,-3.089776,"AV598"
"15165477",22,3,31,16,6,5,37.155418,-3.089104,"AV598"
"15175054",22,3,31,16,11,14,37.154701,-3.087436,"AV598"
"15186621",22,3,31,16,16,24,37.154579,-3.087444,"AV598"
"15197175",22,3,31,16,21,34,37.154701,-3.087353,"AV598"
"15262581",22,3,31,16,27,39,37.154869,-3.087989,"AV598"
"15328442",22,3,31,16,33,44,37.154598,-3.087258,"AV598"
"15395719",22,3,31,16,39,51,37.154594,-3.08752,"AV598"
"15414563",22,3,31,16,45,9,37.154617,-3.087306,"AV598"
"15424121",22,3,31,16,50,18,37.154712,-3.087411,"AV598"
"15439821",22,3,31,16,55,33,37.154674,-3.087399,"AV598"
"15456963",22,3,31,17,0,49,37.154621,-3.087346,"AV598"
"15522237",22,3,31,17,6,54,37.154689,-3.087378,"AV598"
"15587839",22,3,31,17,12,59,37.154743,-3.087371,"AV598"
"15641790",22,3,31,17,18,53,37.154716,-3.08738,"AV598"
"15663177",22,3,31,17,24,14,37.154747,-3.08746,"AV598"
"15683894",22,3,31,17,29,34,37.154705,-3.087342,"AV598"
"15711911",22,3,31,17,35,2,37.154735,-3.087369,"AV598"
"15852476",22,3,31,17,47,22,37.154724,-3.087574,"AV598"
"15918174",22,3,31,17,53,27,37.154682,-3.087324,"AV598"
"25170969",22,4,1,6,42,1,37.154685,-3.087069,"AV598"
"25390420",22,4,1,7,0,40,37.15459,-3.087058,"AV598"
"25682199",22,4,1,7,25,31,37.154548,-3.087133,"AV598"
"25753201",22,4,1,7,31,42,37.154666,-3.086941,"AV598"
"25819301",22,4,1,7,37,48,37.154541,-3.087191,"AV598"
"27117051",22,4,1,9,29,21,37.154548,-3.08716,"AV598"
"27126147",22,4,1,9,34,29,37.154972,-3.086972,"AV598"
"27173788",22,4,1,9,40,17,37.154926,-3.087213,"AV598"
"27218440",22,4,1,9,46,1,37.154888,-3.087141,"AV598"
"27226202",22,4,1,9,51,8,37.154754,-3.087182,"AV598"
"27235066",22,4,1,9,56,17,37.154716,-3.087161,"AV598"
"27251008",22,4,1,10,1,33,37.154819,-3.08712,"AV598"
"27260572",22,4,1,10,6,42,37.15485,-3.087094,"AV598"
"27269106",22,4,1,10,11,50,37.154785,-3.087057,"AV598"
"27277648",22,4,1,10,16,58,37.1548,-3.087116,"AV598"
"27289187",22,4,1,10,22,8,37.154777,-3.087023,"AV598"
"27298220",22,4,1,10,27,17,37.154808,-3.087112,"AV598"
"27306238",22,4,1,10,32,25,37.154773,-3.087217,"AV598"
"27321107",22,4,1,10,37,40,37.154888,-3.087191,"AV598"
"27330659",22,4,1,10,42,49,37.154705,-3.087143,"AV598"
"27344728",22,4,1,10,48,3,37.154769,-3.087092,"AV598"
"27353272",22,4,1,10,53,11,37.154792,-3.087129,"AV598"
"27362327",22,4,1,10,58,19,37.154735,-3.087105,"AV598"
"27370412",22,4,1,11,3,27,37.154724,-3.087131,"AV598"
"27383877",22,4,1,11,8,41,37.154747,-3.087099,"AV598"
"27392919",22,4,1,11,13,49,37.15467,-3.087183,"AV598"
"27401008",22,4,1,11,18,57,37.153373,-3.088032,"AV598"
"27415396",22,4,1,11,24,12,37.151268,-3.089699,"AV598"
"27424440",22,4,1,11,29,20,37.149108,-3.09106,"AV598"
"27434526",22,4,1,11,34,30,37.147842,-3.09308,"AV598"
"27444604",22,4,1,11,39,40,37.146537,-3.094504,"AV598"
"27460800",22,4,1,11,44,57,37.145221,-3.095004,"AV598"
"27469915",22,4,1,11,50,5,37.144554,-3.095654,"AV598"
"27482017",22,4,1,11,55,17,37.144004,-3.096282,"AV598"
"27497353",22,4,1,12,0,33,37.143455,-3.097003,"AV598"
"27513706",22,4,1,12,5,49,37.141448,-3.097687,"AV598"
"27524796",22,4,1,12,10,59,37.14104,-3.098454,"AV598"
"27544143",22,4,1,12,16,19,37.141269,-3.099941,"AV598"
"27553484",22,4,1,12,21,28,37.141044,-3.10053,"AV598"
"27564803",22,4,1,12,26,39,37.140789,-3.101478,"AV598"
"27577055",22,4,1,12,31,51,37.14009,-3.102354,"AV598"
"27589201",22,4,1,12,37,3,37.13932,-3.103228,"AV598"
"27606288",22,4,1,12,42,20,37.138248,-3.104507,"AV598"
"27672131",22,4,1,12,48,26,37.137191,-3.105078,"AV598"
"27737739",22,4,1,12,54,32,37.136508,-3.10577,"AV598"
"27784262",22,4,1,13,0,18,37.135944,-3.106032,"AV598"
"27849753",22,4,1,13,6,23,37.135456,-3.106498,"AV598"
"27915236",22,4,1,13,12,28,37.134674,-3.106569,"AV598"
"27967802",22,4,1,13,18,20,37.134288,-3.106938,"AV598"
"28012448",22,4,1,13,24,4,37.13396,-3.107138,"AV598"
"28022448",22,4,1,13,29,13,37.133995,-3.107299,"AV598"
"28030646",22,4,1,13,34,21,37.133827,-3.107616,"AV598"
"28040974",22,4,1,13,39,31,37.13401,-3.107705,"AV598"
"28081213",22,4,1,13,45,11,37.134056,-3.107611,"AV598"
"28098585",22,4,1,13,50,28,37.134841,-3.108034,"AV598"
"28108143",22,4,1,13,55,37,37.135093,-3.108306,"AV598"
"28122696",22,4,1,14,0,51,37.13557,-3.10818,"AV598"
"28131738",22,4,1,14,5,59,37.135662,-3.108174,"AV598"
"28140793",22,4,1,14,11,8,37.13581,-3.108085,"AV598"
"28150878",22,4,1,14,16,18,37.136352,-3.108037,"AV598"
"28170561",22,4,1,14,21,38,37.136669,-3.108356,"AV598"
"28181108",22,4,1,14,26,47,37.136981,-3.107725,"AV598"
"28202920",22,4,1,14,32,9,37.137248,-3.10744,"AV598"
"28218788",22,4,1,14,37,25,37.137535,-3.107156,"AV598"
"28228818",22,4,1,14,42,35,37.138256,-3.107053,"AV598"
"28238009",22,4,1,14,47,44,37.138538,-3.106873,"AV598"
"28248540",22,4,1,14,52,54,37.138832,-3.106769,"AV598"
"28272876",22,4,1,14,58,18,37.139034,-3.10682,"AV598"
"28283223",22,4,1,15,3,28,37.139015,-3.106678,"AV598"
"28310408",22,4,1,15,8,55,37.139099,-3.106422,"AV598"
"28318553",22,4,1,15,14,3,37.139152,-3.106336,"AV598"
"28332573",22,4,1,15,19,17,37.139278,-3.106252,"AV598"
"28398267",22,4,1,15,25,23,37.139339,-3.105915,"AV598"
"28438844",22,4,1,15,31,4,37.139614,-3.105607,"AV598"
"28504180",22,4,1,15,37,9,37.139762,-3.105231,"AV598"
"28555447",22,4,1,15,43,0,37.1399,-3.104964,"AV598"
"28605605",22,4,1,15,48,50,37.140014,-3.104623,"AV598"
"28615148",22,4,1,15,53,59,37.140106,-3.104427,"AV598"
"28624702",22,4,1,15,59,8,37.140682,-3.104391,"AV598"
"28638401",22,4,1,16,4,21,37.141021,-3.103609,"AV598"
"28646486",22,4,1,16,9,28,37.141433,-3.101908,"AV598"
"28661031",22,4,1,16,14,42,37.141716,-3.100459,"AV598"
"28671074",22,4,1,16,19,51,37.143028,-3.098113,"AV598"
"28682809",22,4,1,16,25,3,37.144382,-3.095713,"AV598"
"28693375",22,4,1,16,30,13,37.146774,-3.094477,"AV598"
"28702445",22,4,1,16,35,21,37.148441,-3.092396,"AV598"
"28715231",22,4,1,16,40,34,37.150012,-3.090502,"AV598"
"28733351",22,4,1,16,45,52,37.151603,-3.089091,"AV598"
"28747787",22,4,1,16,51,6,37.154247,-3.087931,"AV598"
"28761353",22,4,1,16,56,18,37.154491,-3.087077,"AV598"
"28784473",22,4,1,17,1,41,37.154541,-3.086977,"AV598"
"29073726",22,4,1,17,26,29,37.15456,-3.087317,"AV598"
"29084572",22,4,1,17,31,39,37.154541,-3.087335,"AV598"
"29106606",22,4,1,17,37,1,37.154621,-3.087381,"AV598"
"29166577",22,4,1,17,43,1,37.154571,-3.08744,"AV598"
"29211723",22,4,1,17,48,46,37.154533,-3.087316,"AV598"
"29271814",22,4,1,17,54,46,37.154571,-3.087386,"AV598"
"29315921",22,4,1,18,0,30,37.154632,-3.0874,"AV598"
"29355101",22,4,1,18,6,9,37.154552,-3.087385,"AV598"
"29421186",22,4,1,18,12,15,37.154613,-3.087394,"AV598"
"29462404",22,4,1,18,17,56,37.154544,-3.087296,"AV598"
"29474858",22,4,1,18,23,8,37.15456,-3.087314,"AV598"
"29489495",22,4,1,18,28,22,37.154644,-3.087326,"AV598"
"29547120",22,4,1,18,34,19,37.154735,-3.087532,"AV598"
"29584893",22,4,1,18,39,56,37.154613,-3.087336,"AV598"
"29611843",22,4,1,18,45,23,37.154708,-3.087215,"AV598"
"29678059",22,4,1,18,51,29,37.15451,-3.087671,"AV598"
"33806511",22,4,2,0,35,6,37.154346,-3.087313,"AV598"
"35753712",22,4,2,3,17,25,37.154556,-3.087406,"AV598"
"35821175",22,4,2,3,23,33,37.154579,-3.087431,"AV598"
"35886707",22,4,2,3,29,38,37.154758,-3.087682,"AV598"
"35957336",22,4,2,3,35,48,37.154476,-3.087281,"AV598"
"36023589",22,4,2,3,41,53,37.154712,-3.087353,"AV598"
"38003339",22,4,2,6,29,42,37.154777,-3.086966,"AV598"
"38869975",22,4,2,7,44,5,37.154403,-3.087132,"AV598"
"39086385",22,4,2,8,2,41,37.154743,-3.087823,"AV598"
"39113607",22,4,2,8,8,8,37.154731,-3.087691,"AV598"
"39122120",22,4,2,8,13,16,37.154701,-3.087155,"AV598"
"39131616",22,4,2,8,18,24,37.154956,-3.08756,"AV598"
"39151515",22,4,2,8,23,44,37.154808,-3.087134,"AV598"
"39162599",22,4,2,8,28,55,37.154777,-3.087219,"AV598"
"39175645",22,4,2,8,34,8,37.155082,-3.08801,"AV598"
"39194527",22,4,2,8,39,27,37.15493,-3.087338,"AV598"
"39207364",22,4,2,8,44,40,37.154933,-3.087435,"AV598"
"39221557",22,4,2,8,49,54,37.155109,-3.087761,"AV598"
"39239194",22,4,2,8,55,12,37.1548,-3.087265,"AV598"
"39255800",22,4,2,9,0,28,37.154758,-3.086929,"AV598"
"39270169",22,4,2,9,5,42,37.154853,-3.087215,"AV598"
"39285308",22,4,2,9,10,57,37.154846,-3.087214,"AV598"
"39296400",22,4,2,9,16,8,37.154766,-3.087229,"AV598"
"39313157",22,4,2,9,21,25,37.154716,-3.087181,"AV598"
"39325247",22,4,2,9,26,37,37.154823,-3.087102,"AV598"
"39337379",22,4,2,9,31,50,37.154449,-3.087617,"AV598"
"39353823",22,4,2,9,37,7,37.154861,-3.087139,"AV598"
"39371759",22,4,2,9,42,25,37.154792,-3.087153,"AV598"
"39388053",22,4,2,9,47,42,37.154899,-3.087106,"AV598"
"39436545",22,4,2,9,53,31,37.154792,-3.087088,"AV598"
"39454263",22,4,2,9,58,49,37.154754,-3.087207,"AV598"
"39466796",22,4,2,10,4,1,37.154697,-3.08699,"AV598"
"39476367",22,4,2,10,9,11,37.154762,-3.087346,"AV598"
"39491893",22,4,2,10,14,27,37.154731,-3.087329,"AV598"
"39505619",22,4,2,10,19,41,37.154792,-3.087344,"AV598"
"39519101",22,4,2,10,24,54,37.154701,-3.086889,"AV598"
"39531627",22,4,2,10,30,7,37.154808,-3.087544,"AV598"
"39549756",22,4,2,10,35,26,37.154777,-3.087313,"AV598"
"39576036",22,4,2,10,40,53,37.154819,-3.087484,"AV598"
"39587062",22,4,2,10,46,4,37.154815,-3.087784,"AV598"
"39606031",22,4,2,10,51,24,37.155082,-3.090146,"AV598"
"39624524",22,4,2,10,56,43,37.155761,-3.090909,"AV598"
"39634601",22,4,2,11,1,52,37.156425,-3.090296,"AV598"
"39651661",22,4,2,11,7,10,37.157791,-3.090127,"AV598"
"39660727",22,4,2,11,12,19,37.15903,-3.09012,"AV598"
"39670304",22,4,2,11,17,28,37.160594,-3.092019,"AV598"
"39684859",22,4,2,11,22,42,37.161827,-3.092309,"AV598"
"39700049",22,4,2,11,27,57,37.162868,-3.092048,"AV598"
"39708671",22,4,2,11,33,5,37.163772,-3.092067,"AV598"
"39720269",22,4,2,11,38,16,37.167747,-3.093626,"AV598"
"39728872",22,4,2,11,43,23,37.167755,-3.093837,"AV598"
"39738424",22,4,2,11,48,32,37.16751,-3.094934,"AV598"
"39747978",22,4,2,11,53,41,37.166976,-3.094844,"AV598"
"39760587",22,4,2,11,58,53,37.167533,-3.093122,"AV598"
"39771204",22,4,2,12,4,2,37.167987,-3.09389,"AV598"
"39782795",22,4,2,12,9,13,37.168735,-3.093753,"AV598"
"39799910",22,4,2,12,14,30,37.168205,-3.093936,"AV598"
"39818289",22,4,2,12,19,48,37.167621,-3.093925,"AV598"
"39827761",22,4,2,12,24,57,37.167766,-3.094787,"AV598"
"39836332",22,4,2,12,30,5,37.16883,-3.095541,"AV598"
"39849472",22,4,2,12,35,17,37.169025,-3.096114,"AV598"
"39869169",22,4,2,12,40,37,37.169364,-3.096594,"AV598"
"39882377",22,4,2,12,45,49,37.170166,-3.098318,"AV598"
"39894566",22,4,2,12,51,1,37.170494,-3.099279,"AV598"
"39908277",22,4,2,12,56,15,37.1707,-3.098762,"AV598"
"39919428",22,4,2,13,1,25,37.171131,-3.098587,"AV598"
"39927585",22,4,2,13,6,33,37.171184,-3.098521,"AV598"
"39935719",22,4,2,13,11,41,37.17041,-3.098906,"AV598"
"39952639",22,4,2,13,16,58,37.170253,-3.098034,"AV598"
"39962272",22,4,2,13,22,7,37.169502,-3.09722,"AV598"
"39973954",22,4,2,13,27,18,37.168914,-3.096654,"AV598"
"39993952",22,4,2,13,32,38,37.168895,-3.096961,"AV598"
"40003981",22,4,2,13,37,48,37.169658,-3.095944,"AV598"
"40012675",22,4,2,13,42,56,37.169322,-3.095311,"AV598"
"40024324",22,4,2,13,48,7,37.169189,-3.093652,"AV598"
"40033988",22,4,2,13,53,16,37.169311,-3.092897,"AV598"
"40049496",22,4,2,13,58,31,37.169849,-3.090821,"AV598"
"40058149",22,4,2,14,3,39,37.169395,-3.089787,"AV598"
"40078916",22,4,2,14,8,59,37.169471,-3.088722,"AV598"
"40089500",22,4,2,14,14,9,37.17015,-3.087306,"AV598"
"40100710",22,4,2,14,19,19,37.170276,-3.087099,"AV598"
"40111378",22,4,2,14,24,30,37.169853,-3.086677,"AV598"
"40121540",22,4,2,14,29,39,37.16867,-3.0861,"AV598"
"40131160",22,4,2,14,34,48,37.167793,-3.085368,"AV598"
"40141765",22,4,2,14,39,58,37.167472,-3.084116,"AV598"
"40150414",22,4,2,14,45,6,37.1669,-3.084314,"AV598"
"40159034",22,4,2,14,50,14,37.166217,-3.084337,"AV598"
"40167656",22,4,2,14,55,21,37.165119,-3.084589,"AV598"
"40175829",22,4,2,15,0,29,37.164134,-3.083555,"AV598"
"40185406",22,4,2,15,5,38,37.164222,-3.082465,"AV598"
"40195023",22,4,2,15,10,47,37.164489,-3.08197,"AV598"
"40203606",22,4,2,15,15,54,37.164184,-3.083004,"AV598"
"40212200",22,4,2,15,21,2,37.164279,-3.083607,"AV598"
"40221797",22,4,2,15,26,11,37.163688,-3.083711,"AV598"
"40232422",22,4,2,15,31,21,37.163734,-3.082943,"AV598"
"40241022",22,4,2,15,36,29,37.16399,-3.08311,"AV598"
"40253607",22,4,2,15,41,41,37.16389,-3.083554,"AV598"
"40262246",22,4,2,15,46,49,37.163444,-3.084888,"AV598"
"40270882",22,4,2,15,51,56,37.162971,-3.085258,"AV598"
"40279488",22,4,2,15,57,4,37.161804,-3.085661,"AV598"
"40287678",22,4,2,16,2,12,37.161258,-3.085616,"AV598"
"40296231",22,4,2,16,7,20,37.161125,-3.085505,"AV598"
"40305815",22,4,2,16,12,29,37.161613,-3.085765,"AV598"
"40315399",22,4,2,16,17,38,37.161163,-3.087382,"AV598"
"40324019",22,4,2,16,22,45,37.159736,-3.087545,"AV598"
"40334628",22,4,2,16,27,55,37.1581,-3.087727,"AV598"
"40343195",22,4,2,16,33,3,37.157279,-3.08839,"AV598"
"40352790",22,4,2,16,38,12,37.15615,-3.088382,"AV598"
"40362385",22,4,2,16,43,20,37.155166,-3.08847,"AV598"
"40372025",22,4,2,16,48,29,37.154792,-3.087616,"AV598"
"40382652",22,4,2,16,53,39,37.154747,-3.087088,"AV598"
"40391801",22,4,2,16,58,47,37.154762,-3.08713,"AV598"
"40442241",22,4,2,17,4,38,37.154724,-3.087204,"AV598"
"40716658",22,4,2,17,29,11,37.154644,-3.087252,"AV598"
"40782135",22,4,2,17,35,17,37.154621,-3.087308,"AV598"
"40847628",22,4,2,17,41,22,37.154582,-3.087303,"AV598"
"40913028",22,4,2,17,47,27,37.154438,-3.087006,"AV598"
"40978290",22,4,2,17,53,32,37.15451,-3.087263,"AV598"
"41039543",22,4,2,17,59,33,37.154491,-3.08719,"AV598"
"41105703",22,4,2,18,5,39,37.154586,-3.087247,"AV598"
"41171857",22,4,2,18,11,45,37.154525,-3.087297,"AV598"
"41195220",22,4,2,18,17,8,37.154598,-3.087298,"AV598"
"41206712",22,4,2,18,22,19,37.154647,-3.08725,"AV598"
"41218244",22,4,2,18,27,29,37.154533,-3.087332,"AV598"
"41230761",22,4,2,18,32,41,37.15467,-3.087245,"AV598"
"41296627",22,4,2,18,38,47,37.154617,-3.087115,"AV598"
"41311906",22,4,2,18,44,2,37.154537,-3.087289,"AV598"
"41377225",22,4,2,18,50,7,37.154563,-3.087306,"AV598"
"41442640",22,4,2,18,56,12,37.154556,-3.087133,"AV598"
"41508313",22,4,2,19,2,17,37.154697,-3.087183,"AV598"
"41546313",22,4,2,19,7,55,37.154716,-3.087246,"AV598"
"41589489",22,4,2,19,13,38,37.154628,-3.087324,"AV598"
"41624970",22,4,2,19,19,13,37.154582,-3.087268,"AV598"
"41639804",22,4,2,19,24,27,37.154632,-3.087299,"AV598"
"41688786",22,4,2,19,30,16,37.154613,-3.087286,"AV598"
"41732058",22,4,2,19,35,59,37.15464,-3.087383,"AV598"
"41753687",22,4,2,19,41,20,37.154636,-3.087343,"AV598"
"41769678",22,4,2,19,46,35,37.154624,-3.087276,"AV598"
"41782181",22,4,2,19,51,47,37.15459,-3.087199,"AV598"
"41791696",22,4,2,19,56,55,37.154655,-3.087262,"AV598"
"41831701",22,4,2,20,2,35,37.154632,-3.087269,"AV598"
"41841226",22,4,2,20,7,43,37.154514,-3.087135,"AV598"
"41899000",22,4,2,20,13,41,37.154598,-3.087252,"AV598"
"41943210",22,4,2,20,19,25,37.154651,-3.087336,"AV598"
"41961929",22,4,2,20,24,43,37.15459,-3.087278,"AV598"
"42027832",22,4,2,20,30,49,37.154613,-3.087183,"AV598"
"42043337",22,4,2,20,36,4,37.154579,-3.087262,"AV598"
"48955788",22,4,3,6,10,39,37.154365,-3.08702,"AV598"
"48990758",22,4,3,6,16,14,37.154396,-3.086935,"AV598"
"49020990",22,4,3,6,21,44,37.154651,-3.087353,"AV598"
"49246197",22,4,3,6,40,28,37.154586,-3.08695,"AV598"
"51114069",22,4,3,9,16,28,37.154659,-3.086942,"AV598"
"51123602",22,4,3,9,21,37,37.154727,-3.086879,"AV598"
"51132743",22,4,3,9,26,45,37.154731,-3.086928,"AV598"
"51141898",22,4,3,9,31,54,37.154762,-3.086941,"AV598"
"51156473",22,4,3,9,37,9,37.154815,-3.087002,"AV598"
"51196548",22,4,3,9,42,49,37.15459,-3.087106,"AV598"
"51211345",22,4,3,9,48,4,37.154701,-3.08701,"AV598"
"51220405",22,4,3,9,53,13,37.154747,-3.08704,"AV598"
"51234440",22,4,3,9,58,28,37.154708,-3.086928,"AV598"
"51250988",22,4,3,10,3,45,37.154701,-3.086902,"AV598"
"51264470",22,4,3,10,8,58,37.154735,-3.086764,"AV598"
"51280901",22,4,3,10,14,15,37.154674,-3.086819,"AV598"
"51290463",22,4,3,10,19,24,37.154712,-3.086922,"AV598"
"51302015",22,4,3,10,24,36,37.154712,-3.086899,"AV598"
"51312538",22,4,3,10,29,46,37.154678,-3.086866,"AV598"
"51323058",22,4,3,10,34,57,37.154682,-3.086839,"AV598"
"51334557",22,4,3,10,40,9,37.154685,-3.086902,"AV598"
"51347617",22,4,3,10,45,22,37.154724,-3.087012,"AV598"
"51359324",22,4,3,10,50,34,37.154693,-3.086925,"AV598"
"51368396",22,4,3,10,55,42,37.154693,-3.086928,"AV598"
"51377479",22,4,3,11,0,51,37.153999,-3.086321,"AV598"
"51417272",22,4,3,11,6,32,37.153774,-3.085252,"AV598"
"51430014",22,4,3,11,11,45,37.154178,-3.084123,"AV598"
"51443861",22,4,3,11,16,59,37.154609,-3.082882,"AV598"
"51453414",22,4,3,11,22,8,37.155075,-3.082687,"AV598"
"51465964",22,4,3,11,27,20,37.154907,-3.082151,"AV598"
"51475561",22,4,3,11,32,29,37.154247,-3.081069,"AV598"
"51484163",22,4,3,11,37,36,37.154273,-3.079438,"AV598"
"51502390",22,4,3,11,42,54,37.153831,-3.077787,"AV598"
"51511974",22,4,3,11,48,3,37.154285,-3.076971,"AV598"
"51524886",22,4,3,11,53,15,37.15361,-3.075215,"AV598"
"51535462",22,4,3,11,58,25,37.153816,-3.073797,"AV598"
"51549005",22,4,3,12,3,38,37.153949,-3.073922,"AV598"
"51559571",22,4,3,12,8,47,37.154247,-3.074279,"AV598"
"51574114",22,4,3,12,14,1,37.154655,-3.074223,"AV598"
"51582245",22,4,3,12,19,9,37.154277,-3.073927,"AV598"
"51592848",22,4,3,12,24,19,37.153984,-3.073701,"AV598"
"51611260",22,4,3,12,29,37,37.153907,-3.074028,"AV598"
"51620871",22,4,3,12,34,46,37.154552,-3.074411,"AV598"
"51639625",22,4,3,12,40,4,37.154335,-3.074073,"AV598"
"51705252",22,4,3,12,46,10,37.153385,-3.073638,"AV598"
"51762885",22,4,3,12,52,7,37.152648,-3.074226,"AV598"
"51804613",22,4,3,12,57,48,37.153133,-3.073923,"AV598"
"51823516",22,4,3,13,3,7,37.153327,-3.074205,"AV598"
"51876231",22,4,3,13,9,0,37.153923,-3.074637,"AV598"
"51929962",22,4,3,13,14,54,37.15377,-3.07476,"AV598"
"51979708",22,4,3,13,20,44,37.154464,-3.074195,"AV598"
"52025474",22,4,3,13,26,30,37.154045,-3.073892,"AV598"
"52066298",22,4,3,13,32,11,37.153675,-3.073882,"AV598"
"52104207",22,4,3,13,37,49,37.153301,-3.073942,"AV598"
"52113384",22,4,3,13,42,58,37.152839,-3.074465,"AV598"
"52120793",22,4,3,13,48,5,37.152,-3.074718,"AV598"
"52129829",22,4,3,13,53,13,37.15221,-3.074696,"AV598"
"52137421",22,4,3,13,58,20,37.152919,-3.074813,"AV598"
"52147997",22,4,3,14,3,30,37.152477,-3.075368,"AV598"
"52157565",22,4,3,14,8,39,37.152389,-3.075893,"AV598"
"52167127",22,4,3,14,13,48,37.152744,-3.077229,"AV598"
"52182723",22,4,3,14,19,3,37.153484,-3.077149,"AV598"
"52199519",22,4,3,14,24,19,37.153644,-3.077481,"AV598"
"52211094",22,4,3,14,29,30,37.153823,-3.078092,"AV598"
"52220668",22,4,3,14,34,39,37.15377,-3.078547,"AV598"
"52231246",22,4,3,14,39,49,37.15348,-3.079625,"AV598"
"52249813",22,4,3,14,45,7,37.153106,-3.080326,"AV598"
"52260344",22,4,3,14,50,16,37.15224,-3.080448,"AV598"
"52271901",22,4,3,14,55,27,37.152961,-3.080327,"AV598"
"52281467",22,4,3,15,0,36,37.153202,-3.079969,"AV598"
"52297132",22,4,3,15,5,51,37.153259,-3.080647,"AV598"
"52305674",22,4,3,15,10,58,37.153686,-3.080725,"AV598"
"52318052",22,4,3,15,16,10,37.153312,-3.081608,"AV598"
"52327637",22,4,3,15,21,18,37.154518,-3.08162,"AV598"
"52338219",22,4,3,15,26,28,37.156482,-3.082817,"AV598"
"52347813",22,4,3,15,31,37,37.157405,-3.082866,"AV598"
"52357369",22,4,3,15,36,45,37.157493,-3.083206,"AV598"
"52373628",22,4,3,15,42,1,37.157428,-3.083204,"AV598"
"52384189",22,4,3,15,47,10,37.157684,-3.082731,"AV598"
"52392803",22,4,3,15,52,18,37.157604,-3.083443,"AV598"
"52401415",22,4,3,15,57,26,37.157707,-3.083503,"AV598"
"52411973",22,4,3,16,2,35,37.15747,-3.083541,"AV598"
"52421525",22,4,3,16,7,44,37.157661,-3.083502,"AV598"
"52440764",22,4,3,16,13,3,37.157295,-3.083408,"AV598"
"52450338",22,4,3,16,18,11,37.15702,-3.083909,"AV598"
"52459423",22,4,3,16,23,20,37.156749,-3.084119,"AV598"
"52468997",22,4,3,16,28,29,37.156444,-3.084698,"AV598"
"52478577",22,4,3,16,33,38,37.156848,-3.084151,"AV598"
"52488678",22,4,3,16,38,47,37.156517,-3.084317,"AV598"
"52508898",22,4,3,16,44,7,37.155773,-3.085001,"AV598"
"52520426",22,4,3,16,49,18,37.155475,-3.085124,"AV598"
"52536234",22,4,3,16,54,33,37.155021,-3.086033,"AV598"
"52545856",22,4,3,16,59,42,37.154899,-3.086943,"AV598"
"52561251",22,4,3,17,4,57,37.154682,-3.086868,"AV598"
"52701806",22,4,3,17,17,17,37.154705,-3.087142,"AV598"
"52842327",22,4,3,17,29,37,37.154571,-3.086689,"AV598"
"52908558",22,4,3,17,35,43,37.154502,-3.087286,"AV598"
"52974745",22,4,3,17,41,49,37.154563,-3.087328,"AV598"
"53040897",22,4,3,17,47,55,37.15438,-3.08713,"AV598"
"53099134",22,4,3,17,53,53,37.15451,-3.087332,"AV598"
"53113610",22,4,3,17,59,7,37.154582,-3.087357,"AV598"
"53124303",22,4,3,18,4,17,37.154579,-3.087307,"AV598"
"53156100",22,4,3,18,9,48,37.15456,-3.087234,"AV598"
"53175177",22,4,3,18,15,7,37.154548,-3.087337,"AV598"
"53193465",22,4,3,18,20,25,37.154621,-3.087239,"AV598"
"53208946",22,4,3,18,25,40,37.154666,-3.087254,"AV598"
"53221781",22,4,3,18,30,52,37.154586,-3.087327,"AV598"
"53239879",22,4,3,18,36,10,37.154617,-3.087214,"AV598"
"53258202",22,4,3,18,41,28,37.154747,-3.087131,"AV598"
"53270869",22,4,3,18,46,40,37.154655,-3.087136,"AV598"
"53286817",22,4,3,18,51,55,37.154682,-3.087115,"AV598"
"53304059",22,4,3,18,57,12,37.154747,-3.087182,"AV598"
"53314709",22,4,3,19,2,22,37.154731,-3.08706,"AV598"
"53324681",22,4,3,19,7,31,37.154655,-3.087119,"AV598"
"53390749",22,4,3,19,13,37,37.15467,-3.086977,"AV598"
"53401220",22,4,3,19,18,47,37.15467,-3.087165,"AV598"
"53417916",22,4,3,19,24,3,37.154685,-3.087066,"AV598"
"53439733",22,4,3,19,29,24,37.15464,-3.087127,"AV598"
"53454639",22,4,3,19,34,39,37.154609,-3.087099,"AV598"
"53520294",22,4,3,19,40,45,37.15459,-3.087245,"AV598"
"53536066",22,4,3,19,46,0,37.154609,-3.087318,"AV598"
"53589654",22,4,3,19,51,54,37.154579,-3.087275,"AV598"
"53612345",22,4,3,19,57,16,37.154636,-3.087313,"AV598"
"53628166",22,4,3,20,2,31,37.154609,-3.087333,"AV598"
"53678940",22,4,3,20,8,22,37.154529,-3.0872,"AV598"
"53730677",22,4,3,20,14,14,37.154586,-3.087149,"AV598"
"53745705",22,4,3,20,19,29,37.154533,-3.087235,"AV598"
"53755960",22,4,3,20,24,39,37.154548,-3.087185,"AV598"
"53801227",22,4,3,20,30,24,37.154571,-3.087284,"AV598"
"53838712",22,4,3,20,36,1,37.154624,-3.087379,"AV598"
"53861481",22,4,3,20,41,23,37.154766,-3.087482,"AV598"
"53888492",22,4,3,20,46,50,37.154518,-3.087231,"AV598"
"53901024",22,4,3,20,52,2,37.154499,-3.087177,"AV598"
"53911067",22,4,3,20,57,11,37.154537,-3.087181,"AV598"
"53923630",22,4,3,21,2,23,37.154609,-3.08727,"AV598"
"54742163",22,4,3,22,10,58,37.154644,-3.087276,"AV598"
"54751725",22,4,3,22,16,7,37.154579,-3.08723,"AV598"
"54793400",22,4,3,22,21,48,37.154533,-3.087334,"AV598"
"54846358",22,4,3,22,27,41,37.154514,-3.087381,"AV598"
"54862871",22,4,3,22,32,57,37.154457,-3.087332,"AV598"
"54919623",22,4,3,22,38,53,37.154613,-3.087428,"AV598"
"54936971",22,4,3,22,44,10,37.154563,-3.087344,"AV598"
"54973679",22,4,3,22,49,46,37.154571,-3.087364,"AV598"
"55016747",22,4,3,22,55,29,37.154533,-3.087297,"AV598"
"55079064",22,4,3,23,1,31,37.154533,-3.087269,"AV598"
"55094064",22,4,3,23,6,45,37.154563,-3.087365,"AV598"
"55157296",22,4,3,23,12,48,37.154445,-3.087263,"AV598"
"55167802",22,4,3,23,17,57,37.154491,-3.087277,"AV598"
"55232709",22,4,3,23,24,2,37.154567,-3.087278,"AV598"
"55298888",22,4,3,23,30,8,37.154582,-3.087361,"AV598"
"55336500",22,4,3,23,35,45,37.154533,-3.087301,"AV598"
"55371457",22,4,3,23,41,19,37.154579,-3.08735,"AV598"
"55437542",22,4,3,23,47,25,37.154541,-3.087355,"AV598"
"55447575",22,4,3,23,52,34,37.154563,-3.087309,"AV598"
"55497376",22,4,3,23,58,24,37.154457,-3.087395,"AV598"
"55563437",22,4,4,0,4,30,37.154388,-3.087439,"AV598"
"55628782",22,4,4,0,10,35,37.154315,-3.087348,"AV598"
"55681258",22,4,4,0,16,27,37.154335,-3.087315,"AV598"
"55746835",22,4,4,0,22,32,37.154319,-3.087227,"AV598"
"55812621",22,4,4,0,28,37,37.154453,-3.087275,"AV598"
"55822140",22,4,4,0,33,46,37.154602,-3.087278,"AV598"
"55887393",22,4,4,0,39,51,37.154293,-3.087218,"AV598"
"56081688",22,4,4,0,58,4,37.154552,-3.087267,"AV598"
"56147590",22,4,4,1,4,10,37.154586,-3.087297,"AV598"
"56213718",22,4,4,1,10,16,37.15459,-3.087273,"AV598"
"56272127",22,4,4,1,16,14,37.154644,-3.087295,"AV598"
"56320974",22,4,4,1,22,2,37.154605,-3.087298,"AV598"
"56363159",22,4,4,1,27,44,37.154636,-3.087286,"AV598"
"56405766",22,4,4,1,33,26,37.154613,-3.08733,"AV598"
"56471601",22,4,4,1,39,31,37.154594,-3.087351,"AV598"
"56509910",22,4,4,1,45,9,37.154613,-3.087332,"AV598"
"56559611",22,4,4,1,50,58,37.154621,-3.087326,"AV598"
"56625653",22,4,4,1,57,4,37.15467,-3.087192,"AV598"
"56691088",22,4,4,2,3,9,37.154602,-3.087207,"AV598"
"56702624",22,4,4,2,8,19,37.154682,-3.087216,"AV598"
"56751758",22,4,4,2,14,8,37.154579,-3.087269,"AV598"
"56798165",22,4,4,2,19,54,37.154579,-3.087276,"AV598"
"56807905",22,4,4,2,25,3,37.154617,-3.087319,"AV598"
"56822878",22,4,4,2,30,17,37.154655,-3.087344,"AV598"
"56830059",22,4,4,2,35,24,37.154541,-3.087361,"AV598"
"57911064",22,4,4,4,8,20,37.154529,-3.087334,"AV598"
"57961787",22,4,4,4,14,10,37.154533,-3.087347,"AV598"
"58024790",22,4,4,4,20,13,37.154567,-3.087337,"AV598"
"58090115",22,4,4,4,26,18,37.154563,-3.087387,"AV598"
"58150824",22,4,4,4,32,18,37.154571,-3.087501,"AV598"
"58216905",22,4,4,4,38,24,37.154571,-3.087337,"AV598"
"58282404",22,4,4,4,44,29,37.154586,-3.087329,"AV598"
"58348319",22,4,4,4,50,34,37.154571,-3.087354,"AV598"
"58413699",22,4,4,4,56,39,37.154556,-3.087406,"AV598"
"58479587",22,4,4,5,2,44,37.154586,-3.087311,"AV598"
"58534025",22,4,4,5,8,38,37.154575,-3.087281,"AV598"
"58592958",22,4,4,5,14,36,37.15459,-3.087322,"AV598"
"58658387",22,4,4,5,20,41,37.154586,-3.087217,"AV598"
"58702409",22,4,4,5,26,24,37.154582,-3.087278,"AV598"
"58765934",22,4,4,5,32,27,37.154556,-3.087306,"AV598"
"58831959",22,4,4,5,38,32,37.15459,-3.08716,"AV598"
"58897522",22,4,4,5,44,37,37.154582,-3.087287,"AV598"
"58963594",22,4,4,5,50,43,37.154506,-3.087339,"AV598"
"59021264",22,4,4,5,56,40,37.154487,-3.087311,"AV598"
"59907957",22,4,4,7,11,20,37.154579,-3.087149,"AV598"
"60124001",22,4,4,7,29,55,37.154445,-3.087638,"AV598"
"61608402",22,4,4,9,34,32,37.154697,-3.086881,"AV598"
"61618630",22,4,4,9,39,42,37.154869,-3.086892,"AV598"
"61628229",22,4,4,9,44,51,37.154956,-3.086857,"AV598"
"61637891",22,4,4,9,49,59,37.154804,-3.086909,"AV598"
"61647545",22,4,4,9,55,8,37.154701,-3.087025,"AV598"
"61657686",22,4,4,10,0,17,37.154853,-3.086886,"AV598"
"61667304",22,4,4,10,5,26,37.154838,-3.086935,"AV598"
"61676479",22,4,4,10,10,34,37.154689,-3.086809,"AV598"
"61687061",22,4,4,10,15,44,37.154762,-3.087005,"AV598"
"61696648",22,4,4,10,20,52,37.154697,-3.08703,"AV598"
"61713681",22,4,4,10,26,9,37.154754,-3.087137,"AV598"
"61724296",22,4,4,10,31,19,37.154834,-3.087179,"AV598"
"61734911",22,4,4,10,36,28,37.154838,-3.087135,"AV598"
"61746566",22,4,4,10,41,39,37.154754,-3.087216,"AV598"
"61761404",22,4,4,10,46,53,37.154769,-3.087228,"AV598"
"61771001",22,4,4,10,52,2,37.154781,-3.087046,"AV598"
"61790799",22,4,4,10,57,21,37.154838,-3.087216,"AV598"
"61801383",22,4,4,11,2,31,37.154857,-3.087107,"AV598"
"61812065",22,4,4,11,7,40,37.154762,-3.087098,"AV598"
"61820683",22,4,4,11,12,48,37.154941,-3.08861,"AV598"
"61829297",22,4,4,11,17,55,37.156059,-3.089461,"AV598"
"61837976",22,4,4,11,23,3,37.157653,-3.089512,"AV598"
"61846590",22,4,4,11,28,11,37.159946,-3.090085,"AV598"
"61855247",22,4,4,11,33,18,37.161621,-3.090751,"AV598"
"61863874",22,4,4,11,38,26,37.162448,-3.090425,"AV598"
"61873549",22,4,4,11,43,34,37.163604,-3.090263,"AV598"
"61891158",22,4,4,11,48,51,37.165199,-3.089813,"AV598"
"61899767",22,4,4,11,53,58,37.165859,-3.088961,"AV598"
"61921349",22,4,4,11,59,19,37.165901,-3.088359,"AV598"
"61930877",22,4,4,12,4,27,37.165946,-3.087143,"AV598"
"61941485",22,4,4,12,9,36,37.165748,-3.085403,"AV598"
"61959656",22,4,4,12,14,54,37.166793,-3.084706,"AV598"
"61968288",22,4,4,12,20,1,37.167163,-3.083583,"AV598"
"61976975",22,4,4,12,25,9,37.167793,-3.081965,"AV598"
"61991029",22,4,4,12,30,22,37.168407,-3.080574,"AV598"
"62012588",22,4,4,12,35,43,37.169216,-3.079854,"AV598"
"62022267",22,4,4,12,40,51,37.169288,-3.07996,"AV598"
"62037900",22,4,4,12,46,6,37.169181,-3.080015,"AV598"
"62072873",22,4,4,12,51,40,37.168815,-3.080527,"AV598"
"62084463",22,4,4,12,56,51,37.168342,-3.080395,"AV598"
"62105556",22,4,4,13,2,11,37.167716,-3.079777,"AV598"
"62121096",22,4,4,13,7,25,37.167961,-3.079442,"AV598"
"62136290",22,4,4,13,12,40,37.168678,-3.079748,"AV598"
"62148009",22,4,4,13,17,51,37.167743,-3.080717,"AV598"
"62157561",22,4,4,13,22,59,37.167285,-3.08201,"AV598"
"62167150",22,4,4,13,28,7,37.167327,-3.08195,"AV598"
"62181367",22,4,4,13,33,21,37.167411,-3.082139,"AV598"
"62189919",22,4,4,13,38,28,37.168266,-3.081548,"AV598"
"62208269",22,4,4,13,43,46,37.168048,-3.081788,"AV598"
"62224239",22,4,4,13,49,1,37.167606,-3.082508,"AV598"
"62233816",22,4,4,13,54,9,37.166694,-3.083407,"AV598"
"62251073",22,4,4,13,59,26,37.166137,-3.083495,"AV598"
"62260613",22,4,4,14,4,34,37.164993,-3.083901,"AV598"
"62270216",22,4,4,14,9,42,37.164356,-3.083314,"AV598"
"62279807",22,4,4,14,14,51,37.163955,-3.082368,"AV598"
"62340428",22,4,4,14,20,51,37.164276,-3.081773,"AV598"
"62350918",22,4,4,14,26,0,37.164924,-3.08192,"AV598"
"62363435",22,4,4,14,31,12,37.163959,-3.0822,"AV598"
"62370967",22,4,4,14,36,18,37.163131,-3.082139,"AV598"
"62380472",22,4,4,14,41,27,37.16254,-3.082825,"AV598"
"62394470",22,4,4,14,46,40,37.162818,-3.082221,"AV598"
"62416030",22,4,4,14,52,1,37.162502,-3.083313,"AV598"
"62425506",22,4,4,14,57,9,37.162269,-3.08393,"AV598"
"62434005",22,4,4,15,2,16,37.162334,-3.084897,"AV598"
"62443526",22,4,4,15,7,25,37.162315,-3.085617,"AV598"
"62453084",22,4,4,15,12,33,37.161914,-3.085434,"AV598"
"62460648",22,4,4,15,17,39,37.161705,-3.085523,"AV598"
"62475827",22,4,4,15,22,54,37.161567,-3.085677,"AV598"
"62525416",22,4,4,15,28,43,37.16164,-3.08587,"AV598"
"62541714",22,4,4,15,33,58,37.161201,-3.087456,"AV598"
"62553617",22,4,4,15,39,9,37.159114,-3.087253,"AV598"
"62562194",22,4,4,15,44,17,37.157554,-3.087057,"AV598"
"62571762",22,4,4,15,49,25,37.157386,-3.087752,"AV598"
"62579290",22,4,4,15,54,31,37.156135,-3.088374,"AV598"
"62589829",22,4,4,15,59,41,37.154823,-3.087529,"AV598"
"62602375",22,4,4,16,4,52,37.154701,-3.087309,"AV598"
"62611915",22,4,4,16,10,1,37.154811,-3.087222,"AV598"
"62621444",22,4,4,16,15,9,37.154685,-3.087169,"AV598"
"62638729",22,4,4,16,20,26,37.154602,-3.087162,"AV598"
"62692315",22,4,4,16,26,19,37.154571,-3.087306,"AV598"
"62747424",22,4,4,16,32,13,37.154655,-3.087375,"AV598"
"62756937",22,4,4,16,37,21,37.15459,-3.087295,"AV598"
"62799103",22,4,4,16,43,3,37.154563,-3.087341,"AV598"
"62826769",22,4,4,16,48,30,37.154609,-3.087297,"AV598"
"62840292",22,4,4,16,53,42,37.154594,-3.087311,"AV598"
"62853830",22,4,4,16,58,54,37.154743,-3.087488,"AV598"
"62875778",22,4,4,17,4,16,37.154605,-3.087377,"AV598"
"62902103",22,4,4,17,9,42,37.154548,-3.087434,"AV598"
"62920896",22,4,4,17,15,0,37.154598,-3.08737,"AV598"
"62959011",22,4,4,17,20,38,37.154647,-3.087472,"AV598"
"62979628",22,4,4,17,25,58,37.154697,-3.087436,"AV598"
"63045392",22,4,4,17,32,3,37.154533,-3.087353,"AV598"
"63100508",22,4,4,17,37,58,37.154651,-3.087455,"AV598"
"63154969",22,4,4,17,43,52,37.154621,-3.087538,"AV598"
"63220663",22,4,4,17,49,57,37.154594,-3.087558,"AV598"
"63286681",22,4,4,17,56,3,37.154506,-3.08734,"AV598"
"63352045",22,4,4,18,2,8,37.154624,-3.087383,"AV598"
"63417575",22,4,4,18,8,13,37.154579,-3.087531,"AV598"
"63483290",22,4,4,18,14,18,37.154586,-3.08745,"AV598"
"63549278",22,4,4,18,20,24,37.154582,-3.087491,"AV598"
"63615477",22,4,4,18,26,30,37.15456,-3.087498,"AV598"
"63680839",22,4,4,18,32,35,37.15446,-3.087589,"AV598"
"63746395",22,4,4,18,38,40,37.154541,-3.087258,"AV598"
"63812279",22,4,4,18,44,45,37.154579,-3.087479,"AV598"
"63878278",22,4,4,18,50,51,37.154575,-3.08749,"AV598"
"65946994",22,4,4,21,45,10,37.15456,-3.087132,"AV598"
"65966622",22,4,4,21,50,29,37.154636,-3.087076,"AV598"
"66163288",22,4,4,22,8,44,37.154399,-3.087218,"AV598"
"66303989",22,4,4,22,21,4,37.154403,-3.087111,"AV598"
"66595316",22,4,4,22,45,53,37.154632,-3.087129,"AV598"
"72605461",22,4,5,7,5,32,37.154582,-3.087085,"AV598"
"72715356",22,4,5,7,17,21,37.154571,-3.087122,"AV598"
"72742490",22,4,5,7,22,47,37.154251,-3.087161,"AV598"
"72766056",22,4,5,7,28,10,37.154396,-3.087028,"AV598"
"72826861",22,4,5,7,34,10,37.154533,-3.087191,"AV598"
"72893061",22,4,5,7,40,16,37.154373,-3.087068,"AV598"
"72958636",22,4,5,7,46,21,37.154651,-3.087273,"AV598"
"73004845",22,4,5,7,52,7,37.154613,-3.087357,"AV598"
"73070404",22,4,5,7,58,12,37.154644,-3.087232,"AV598"
"73136546",22,4,5,8,4,18,37.154712,-3.087269,"AV598"
"73202115",22,4,5,8,10,23,37.154548,-3.087221,"AV598"
"73268259",22,4,5,8,16,29,37.15438,-3.087128,"AV598"
"73333920",22,4,5,8,22,34,37.154136,-3.086788,"AV598"
"73361488",22,4,5,8,28,1,37.154357,-3.087154,"AV598"
"73381878",22,4,5,8,33,20,37.154693,-3.087377,"AV598"
"73428775",22,4,5,8,39,6,37.154266,-3.087139,"AV598"
"73494083",22,4,5,8,45,11,37.154113,-3.086793,"AV598"
"73939028",22,4,5,9,22,32,37.154594,-3.087354,"AV598"
"74074837",22,4,5,9,34,47,37.154716,-3.087155,"AV598"
"74676685",22,4,5,10,24,44,37.1543,-3.086962,"AV598"
"74817554",22,4,5,10,37,4,37.154525,-3.086908,"AV598"
"74883413",22,4,5,10,43,10,37.153984,-3.086955,"AV598"
"75024903",22,4,5,10,55,31,37.153972,-3.086928,"AV598"
"75090312",22,4,5,11,1,36,37.1548,-3.087242,"AV598"
"75231753",22,4,5,11,13,56,37.154621,-3.087225,"AV598"
"75489817",22,4,5,11,38,13,37.154369,-3.087083,"AV598"
"75555166",22,4,5,11,44,18,37.154575,-3.08724,"AV598"
"75620608",22,4,5,11,50,23,37.154651,-3.087284,"AV598"
"75686181",22,4,5,11,56,28,37.154697,-3.087301,"AV598"
"75721071",22,4,5,12,2,2,37.154846,-3.08738,"AV598"
"75751269",22,4,5,12,7,32,37.154716,-3.0873,"AV598"
"75891932",22,4,5,12,19,52,37.1548,-3.087286,"AV598"
"75959635",22,4,5,12,25,59,37.154762,-3.087547,"AV598"
"76025577",22,4,5,12,32,5,37.154724,-3.087367,"AV598"
"76768143",22,4,5,13,34,24,37.154579,-3.087453,"AV598"
"76833663",22,4,5,13,40,29,37.154739,-3.087105,"AV598"
"76845677",22,4,5,13,45,40,37.154613,-3.087154,"AV598"
"76872903",22,4,5,13,51,7,37.154609,-3.087341,"AV598"
"76986681",22,4,5,14,3,0,37.154697,-3.087337,"AV598"
"77404481",22,4,5,14,39,55,37.15464,-3.08724,"AV598"
"77470198",22,4,5,14,46,0,37.154552,-3.087253,"AV598"
"77491385",22,4,5,14,51,21,37.154792,-3.087424,"AV598"
"77514860",22,4,5,14,56,44,37.154556,-3.087272,"AV598"
"77527410",22,4,5,15,1,55,37.154624,-3.087282,"AV598"
"77593347",22,4,5,15,8,1,37.155021,-3.087425,"AV598"
"77637559",22,4,5,15,13,45,37.154483,-3.087316,"AV598"
"77669155",22,4,5,15,19,16,37.154579,-3.087207,"AV598"
"78534481",22,4,5,16,33,35,37.154579,-3.087523,"AV598"
"78700080",22,4,5,16,51,19,37.154624,-3.087645,"AV598"
"78741922",22,4,5,16,57,1,37.154808,-3.087532,"AV598"
"78769140",22,4,5,17,2,28,37.154705,-3.087542,"AV598"
"78834508",22,4,5,17,8,33,37.154819,-3.087513,"AV598"
"78897124",22,4,5,17,14,35,37.154594,-3.087479,"AV598"
"78912197",22,4,5,17,19,49,37.154609,-3.087557,"AV598"
"78978344",22,4,5,17,25,55,37.154541,-3.087334,"AV598"
"79043810",22,4,5,17,32,0,37.154521,-3.087295,"AV598"
"82116809",22,4,5,21,47,53,37.154502,-3.087208,"AV598"
"82257894",22,4,5,22,0,13,37.154701,-3.087133,"AV598"
"83602279",22,4,5,23,52,29,37.155372,-3.087834,"AV598"
"83667872",22,4,5,23,58,34,37.155086,-3.087564,"AV598"
"85012210",22,4,6,1,50,48,37.154582,-3.087264,"AV598"
"85077971",22,4,6,1,56,53,37.154594,-3.087272,"AV598"
"85144146",22,4,6,2,2,59,37.156059,-3.088129,"AV598"
"85285362",22,4,6,2,15,19,37.1557,-3.087737,"AV598"
"85501507",22,4,6,2,33,53,37.154628,-3.087339,"AV598"
"85567733",22,4,6,2,39,59,37.154308,-3.087274,"AV598"
"85859228",22,4,6,3,4,47,37.154571,-3.087403,"AV598"
"85924473",22,4,6,3,10,52,37.154499,-3.087471,"AV598"
"85990351",22,4,6,3,16,57,37.154701,-3.087462,"AV598"
"86965089",22,4,6,4,38,4,37.154975,-3.087447,"AV598"
"87709768",22,4,6,5,40,22,37.154411,-3.087042,"AV598"
"87740934",22,4,6,5,45,52,37.154441,-3.087344,"AV598"
"87852686",22,4,6,5,57,42,37.154727,-3.086968,"AV598"
"87990676",22,4,6,6,9,59,37.154415,-3.087205,"AV598"
"88056759",22,4,6,6,16,5,37.154521,-3.087185,"AV598"
"88203717",22,4,6,6,28,31,37.154491,-3.087186,"AV598"
"88269626",22,4,6,6,34,37,37.154315,-3.088049,"AV598"
"89798813",22,4,6,8,44,58,37.154289,-3.08659,"AV598"
"89812479",22,4,6,8,50,11,37.155162,-3.087102,"AV598"
"89824304",22,4,6,8,55,22,37.154914,-3.086906,"AV598"
"89835244",22,4,6,9,0,33,37.154716,-3.086605,"AV598"
"89844458",22,4,6,9,5,42,37.154918,-3.086623,"AV598"
"89854077",22,4,6,9,10,51,37.155052,-3.086624,"AV598"
"89863260",22,4,6,9,15,59,37.155025,-3.086611,"AV598"
"89872416",22,4,6,9,21,8,37.155021,-3.086751,"AV598"
"89882660",22,4,6,9,26,18,37.155109,-3.086621,"AV598"
"89899323",22,4,6,9,31,35,37.155155,-3.086812,"AV598"
"89927927",22,4,6,9,37,3,37.154926,-3.086923,"AV598"
"89937006",22,4,6,9,42,11,37.154899,-3.086932,"AV598"
"89947612",22,4,6,9,47,21,37.154853,-3.08692,"AV598"
"89958688",22,4,6,9,52,32,37.154804,-3.086921,"AV598"
"89970777",22,4,6,9,57,43,37.155208,-3.086611,"AV598"
"89978883",22,4,6,10,2,51,37.154895,-3.086741,"AV598"
"89987476",22,4,6,10,8,0,37.154792,-3.087029,"AV598"
"89996049",22,4,6,10,13,8,37.154754,-3.087007,"AV598"
"90004591",22,4,6,10,18,15,37.154846,-3.087103,"AV598"
"90012701",22,4,6,10,23,23,37.154838,-3.08706,"AV598"
"90020811",22,4,6,10,28,30,37.15496,-3.087128,"AV598"
"90028878",22,4,6,10,33,38,37.154762,-3.087034,"AV598"
"90037468",22,4,6,10,38,46,37.154941,-3.087138,"AV598"
"90049039",22,4,6,10,43,57,37.154846,-3.08723,"AV598"
"90060602",22,4,6,10,49,8,37.154754,-3.087079,"AV598"
"90070681",22,4,6,10,54,17,37.154628,-3.087076,"AV598"
"90080253",22,4,6,10,59,26,37.154777,-3.088671,"AV598"
"90089379",22,4,6,11,4,35,37.155441,-3.090874,"AV598"
"90098963",22,4,6,11,9,44,37.155414,-3.092077,"AV598"
"90113534",22,4,6,11,14,58,37.155586,-3.092735,"AV598"
"90126379",22,4,6,11,20,10,37.155895,-3.092916,"AV598"
"90134485",22,4,6,11,25,17,37.15641,-3.093107,"AV598"
"90147103",22,4,6,11,30,29,37.156913,-3.092987,"AV598"
"90159225",22,4,6,11,35,41,37.156944,-3.092637,"AV598"
"90170817",22,4,6,11,40,52,37.157356,-3.092606,"AV598"
"90185353",22,4,6,11,46,5,37.157806,-3.092919,"AV598"
"90196910",22,4,6,11,51,16,37.158077,-3.092804,"AV598"
"90206515",22,4,6,11,56,25,37.157798,-3.092188,"AV598"
"90220081",22,4,6,12,1,37,37.158164,-3.092596,"AV598"
"90231685",22,4,6,12,6,48,37.158107,-3.09295,"AV598"
"90248147",22,4,6,12,12,4,37.15805,-3.092862,"AV598"
"90258754",22,4,6,12,17,13,37.158939,-3.093116,"AV598"
"90273934",22,4,6,12,22,28,37.158401,-3.09338,"AV598"
"90340066",22,4,6,12,28,34,37.158321,-3.093587,"AV598"
"90349587",22,4,6,12,33,43,37.158027,-3.094304,"AV598"
"90368312",22,4,6,12,39,1,37.157539,-3.094512,"AV598"
"90382206",22,4,6,12,44,15,37.157279,-3.095208,"AV598"
"90394286",22,4,6,12,49,27,37.15702,-3.095725,"AV598"
"90403424",22,4,6,12,54,35,37.157325,-3.096167,"AV598"
"90413058",22,4,6,12,59,45,37.156822,-3.097605,"AV598"
"90421719",22,4,6,13,4,52,37.157184,-3.096661,"AV598"
"90430380",22,4,6,13,10,0,37.157257,-3.096602,"AV598"
"90439972",22,4,6,13,15,9,37.157421,-3.096243,"AV598"
"90452053",22,4,6,13,20,20,37.157314,-3.096154,"AV598"
"90463186",22,4,6,13,25,30,37.157432,-3.096266,"AV598"
"90473762",22,4,6,13,30,40,37.157417,-3.096226,"AV598"
"90483327",22,4,6,13,35,49,37.157539,-3.096257,"AV598"
"90491457",22,4,6,13,40,56,37.157279,-3.096755,"AV598"
"90500521",22,4,6,13,46,5,37.156311,-3.095299,"AV598"
"90509647",22,4,6,13,51,14,37.156124,-3.095544,"AV598"
"90521228",22,4,6,13,56,25,37.156059,-3.096007,"AV598"
"90531822",22,4,6,14,1,34,37.156139,-3.095392,"AV598"
"90541408",22,4,6,14,6,43,37.15612,-3.094753,"AV598"
"90550992",22,4,6,14,11,52,37.155719,-3.094676,"AV598"
"90562695",22,4,6,14,17,3,37.155742,-3.095707,"AV598"
"90575706",22,4,6,14,22,15,37.1557,-3.095366,"AV598"
"90589029",22,4,6,14,27,28,37.155395,-3.095506,"AV598"
"90600586",22,4,6,14,32,38,37.155426,-3.095708,"AV598"
"90614672",22,4,6,14,37,52,37.154548,-3.095099,"AV598"
"90626198",22,4,6,14,43,3,37.154754,-3.094337,"AV598"
"90634781",22,4,6,14,48,10,37.154174,-3.093748,"AV598"
"90644360",22,4,6,14,53,19,37.153656,-3.09273,"AV598"
"90659128",22,4,6,14,58,33,37.153301,-3.092032,"AV598"
"90671360",22,4,6,15,3,45,37.153228,-3.091512,"AV598"
"90679486",22,4,6,15,8,52,37.153186,-3.0917,"AV598"
"90689110",22,4,6,15,14,1,37.15327,-3.091806,"AV598"
"90697742",22,4,6,15,19,8,37.153861,-3.092308,"AV598"
"90708396",22,4,6,15,24,18,37.153743,-3.091865,"AV598"
"90717024",22,4,6,15,29,26,37.153743,-3.091056,"AV598"
"90726629",22,4,6,15,34,34,37.153434,-3.08981,"AV598"
"90736232",22,4,6,15,39,43,37.154056,-3.08959,"AV598"
"90744819",22,4,6,15,44,50,37.153881,-3.088869,"AV598"
"90754441",22,4,6,15,49,59,37.153526,-3.088744,"AV598"
"90764061",22,4,6,15,55,7,37.154296,-3.088271,"AV598"
"90782249",22,4,6,16,0,25,37.154644,-3.08728,"AV598"
"90792829",22,4,6,16,5,34,37.154621,-3.087485,"AV598"
"90802442",22,4,6,16,10,43,37.154636,-3.087392,"AV598"
"91037120",22,4,6,16,34,36,37.154548,-3.087268,"AV598"
"91051398",22,4,6,16,39,50,37.15467,-3.087507,"AV598"
"91060974",22,4,6,16,44,59,37.154567,-3.087235,"AV598"
"91086845",22,4,6,16,50,24,37.154594,-3.087375,"AV598"
"91152751",22,4,6,16,56,30,37.154697,-3.087398,"AV598"
"91182004",22,4,6,17,1,59,37.154735,-3.08721,"AV598"
"91209468",22,4,6,17,7,26,37.154747,-3.087315,"AV598"
"91229104",22,4,6,17,12,45,37.154655,-3.087184,"AV598"
"91972183",22,4,6,18,15,5,37.155052,-3.087308,"AV598"
"92038219",22,4,6,18,21,11,37.15496,-3.087279,"AV598"
"92084612",22,4,6,18,26,57,37.154621,-3.087562,"AV598"
"92150084",22,4,6,18,33,2,37.154674,-3.087388,"AV598"
"92189819",22,4,6,18,38,41,37.154533,-3.08728,"AV598"
"92255783",22,4,6,18,44,47,37.154609,-3.08823,"AV598"
"92361601",22,4,6,18,56,32,37.154857,-3.087802,"AV598"
"92474784",22,4,6,19,8,24,37.154796,-3.087257,"AV598"
"92540688",22,4,6,19,14,30,37.154888,-3.087562,"AV598"
"92606777",22,4,6,19,20,36,37.154544,-3.0872,"AV598"
"92669129",22,4,6,19,26,38,37.154571,-3.087209,"AV598"
"92734665",22,4,6,19,32,43,37.154666,-3.087248,"AV598"
"92800334",22,4,6,19,38,48,37.154594,-3.087098,"AV598"
"92941593",22,4,6,19,51,9,37.154502,-3.087231,"AV598"
"93007746",22,4,6,19,57,15,37.154422,-3.087271,"AV598"
"93073143",22,4,6,20,3,20,37.154567,-3.087242,"AV598"
"93138645",22,4,6,20,9,25,37.154365,-3.087283,"AV598"
"93204269",22,4,6,20,15,30,37.154697,-3.087331,"AV598"
"93270108",22,4,6,20,21,35,37.15467,-3.087152,"AV598"
"93339218",22,4,6,20,27,44,37.153312,-3.087344,"AV598"
"93465093",22,4,6,20,39,49,37.154655,-3.087237,"AV598"
"93645033",22,4,6,20,57,47,37.154716,-3.087128,"AV598"
"93670547",22,4,6,21,3,11,37.154674,-3.087095,"AV598"
"93735913",22,4,6,21,9,16,37.15472,-3.087099,"AV598"
"93952239",22,4,6,21,27,51,37.154621,-3.087475,"AV598"
"94007433",22,4,6,21,33,46,37.154697,-3.087321,"AV598"
"94032226",22,4,6,21,39,10,37.154605,-3.087211,"AV598"
"94098112",22,4,6,21,45,16,37.154563,-3.087239,"AV598"
"94115712",22,4,6,21,50,33,37.154594,-3.087241,"AV598"
"94181424",22,4,6,21,56,38,37.15459,-3.087379,"AV598"
"94293316",22,4,6,22,8,29,37.154617,-3.087327,"AV598"
"94339338",22,4,6,22,14,14,37.154655,-3.087266,"AV598"
"94359947",22,4,6,22,19,34,37.154644,-3.087422,"AV598"
"95635054",22,4,7,0,5,37,37.15493,-3.087487,"AV598"
"96072168",22,4,7,0,42,50,37.154884,-3.087142,"AV598"
"97193409",22,4,7,2,16,23,37.154327,-3.087184,"AV598"
"97409742",22,4,7,2,34,58,37.154399,-3.087041,"AV598"
"97475859",22,4,7,2,41,4,37.154491,-3.087141,"AV598"
"101630651",22,4,7,8,29,49,37.15459,-3.087126,"AV598"
"101652679",22,4,7,8,35,11,37.155235,-3.087445,"AV598"
"101674845",22,4,7,8,40,33,37.154392,-3.086906,"AV598"
"101703113",22,4,7,8,46,1,37.154693,-3.087124,"AV598"
"101712179",22,4,7,8,51,9,37.154777,-3.087262,"AV598"
"101721334",22,4,7,8,56,18,37.154548,-3.087417,"AV598"
"101733456",22,4,7,9,1,30,37.154609,-3.087329,"AV598"
"101745609",22,4,7,9,6,42,37.154796,-3.087222,"AV598"
"101760066",22,4,7,9,11,57,37.154872,-3.087228,"AV598"
"101770222",22,4,7,9,17,6,37.154701,-3.087139,"AV598"
"101782402",22,4,7,9,22,18,37.154762,-3.087091,"AV598"
"101798389",22,4,7,9,27,35,37.154766,-3.087059,"AV598"
"101812506",22,4,7,9,32,49,37.154628,-3.087099,"AV598"
"101822650",22,4,7,9,37,59,37.154785,-3.086984,"AV598"
"101834268",22,4,7,9,43,11,37.154739,-3.08704,"AV598"
"101844824",22,4,7,9,48,22,37.154766,-3.086875,"AV598"
"101852950",22,4,7,9,53,30,37.154693,-3.086928,"AV598"
"101862084",22,4,7,9,58,39,37.154747,-3.087035,"AV598"
"101870610",22,4,7,10,3,48,37.154682,-3.086906,"AV598"
"101882159",22,4,7,10,9,0,37.154701,-3.08708,"AV598"
"101892686",22,4,7,10,14,10,37.154705,-3.087056,"AV598"
"101901275",22,4,7,10,19,19,37.154724,-3.086922,"AV598"
"101911791",22,4,7,10,24,29,37.154773,-3.087211,"AV598"
"101920878",22,4,7,10,29,38,37.154769,-3.087156,"AV598"
"101929033",22,4,7,10,34,47,37.154518,-3.088194,"AV598"
"101937143",22,4,7,10,39,55,37.151668,-3.088943,"AV598"
"101945294",22,4,7,10,45,4,37.149917,-3.09019,"AV598"
"101954398",22,4,7,10,50,13,37.148487,-3.091715,"AV598"
"101963522",22,4,7,10,55,22,37.146537,-3.094402,"AV598"
"101971651",22,4,7,11,0,31,37.144985,-3.094848,"AV598"
"101979751",22,4,7,11,5,39,37.144363,-3.095689,"AV598"
"101988901",22,4,7,11,10,48,37.143688,-3.096282,"AV598"
"101999019",22,4,7,11,15,59,37.143146,-3.098049,"AV598"
"102008204",22,4,7,11,21,8,37.143383,-3.098724,"AV598"
"102017352",22,4,7,11,26,17,37.143272,-3.099515,"AV598"
"102026508",22,4,7,11,31,26,37.143119,-3.100292,"AV598"
"102040145",22,4,7,11,36,40,37.142784,-3.100804,"AV598"
"102055560",22,4,7,11,41,55,37.14228,-3.101219,"AV598"
"102065728",22,4,7,11,47,4,37.142009,-3.101497,"AV598"
"102075825",22,4,7,11,52,14,37.141723,-3.102235,"AV598"
"102085932",22,4,7,11,57,25,37.141662,-3.102532,"AV598"
"102096057",22,4,7,12,2,35,37.141723,-3.103144,"AV598"
"102107165",22,4,7,12,7,46,37.141563,-3.103876,"AV598"
"102118290",22,4,7,12,12,57,37.141281,-3.103893,"AV598"
"102135760",22,4,7,12,18,15,37.141448,-3.104954,"AV598"
"102187789",22,4,7,12,24,7,37.140964,-3.105373,"AV598"
"102253477",22,4,7,12,30,13,37.140666,-3.106253,"AV598"
"102318740",22,4,7,12,36,18,37.140415,-3.107139,"AV598"
"102327827",22,4,7,12,41,26,37.140079,-3.10775,"AV598"
"102340937",22,4,7,12,46,40,37.139411,-3.107847,"AV598"
"102361935",22,4,7,12,52,1,37.139198,-3.108001,"AV598"
"102400796",22,4,7,12,57,40,37.139072,-3.108503,"AV598"
"102454487",22,4,7,13,3,34,37.139034,-3.108697,"AV598"
"102475194",22,4,7,13,8,54,37.139015,-3.108732,"AV598"
"102484258",22,4,7,13,14,2,37.13906,-3.108655,"AV598"
"102502970",22,4,7,13,19,21,37.139038,-3.108747,"AV598"
"102512674",22,4,7,13,24,30,37.138973,-3.108943,"AV598"
"102522727",22,4,7,13,29,39,37.138977,-3.109038,"AV598"
"102532787",22,4,7,13,34,49,37.139167,-3.108969,"AV598"
"102549896",22,4,7,13,40,7,37.139083,-3.108977,"AV598"
"102566708",22,4,7,13,45,24,37.139457,-3.108874,"AV598"
"102576823",22,4,7,13,50,34,37.139427,-3.108727,"AV598"
"102591908",22,4,7,13,55,49,37.139244,-3.108829,"AV598"
"102601055",22,4,7,14,0,58,37.138999,-3.10899,"AV598"
"102610118",22,4,7,14,6,7,37.138881,-3.109255,"AV598"
"102619226",22,4,7,14,11,16,37.138725,-3.109202,"AV598"
"102634302",22,4,7,14,16,31,37.138774,-3.108433,"AV598"
"102643383",22,4,7,14,21,40,37.139698,-3.108772,"AV598"
"102660660",22,4,7,14,26,58,37.140209,-3.108315,"AV598"
"102671881",22,4,7,14,32,9,37.141525,-3.108713,"AV598"
"102682973",22,4,7,14,37,19,37.142196,-3.108927,"AV598"
"102695058",22,4,7,14,42,31,37.142814,-3.109343,"AV598"
"102709267",22,4,7,14,47,46,37.143348,-3.1099,"AV598"
"102718349",22,4,7,14,52,54,37.143974,-3.110288,"AV598"
"102729453",22,4,7,14,58,5,37.144767,-3.110598,"AV598"
"102745784",22,4,7,15,3,22,37.145309,-3.11029,"AV598"
"102753890",22,4,7,15,8,29,37.145385,-3.110293,"AV598"
"102766962",22,4,7,15,13,42,37.145477,-3.110182,"AV598"
"102810242",22,4,7,15,19,26,37.145595,-3.109856,"AV598"
"102865300",22,4,7,15,25,21,37.145645,-3.109565,"AV598"
"102894316",22,4,7,15,30,50,37.145862,-3.109106,"AV598"
"102903368",22,4,7,15,35,59,37.146583,-3.107831,"AV598"
"102920324",22,4,7,15,41,16,37.147083,-3.106404,"AV598"
"102938230",22,4,7,15,46,34,37.147224,-3.104369,"AV598"
"102949279",22,4,7,15,51,45,37.147033,-3.10219,"AV598"
"102960345",22,4,7,15,56,56,37.147533,-3.1004,"AV598"
"102977384",22,4,7,16,2,13,37.147441,-3.098899,"AV598"
"102986443",22,4,7,16,7,21,37.147239,-3.096935,"AV598"
"102998757",22,4,7,16,12,34,37.147571,-3.095594,"AV598"
"103008227",22,4,7,16,17,43,37.148033,-3.093394,"AV598"
"103017793",22,4,7,16,22,52,37.147987,-3.09307,"AV598"
"103028351",22,4,7,16,28,1,37.149566,-3.09093,"AV598"
"103040920",22,4,7,16,33,13,37.151611,-3.089225,"AV598"
"103062582",22,4,7,16,38,35,37.15269,-3.088306,"AV598"
"103074305",22,4,7,16,43,46,37.154537,-3.087094,"AV598"
"103130760",22,4,7,16,49,42,37.154712,-3.087277,"AV598"
"103355077",22,4,7,17,8,26,37.154525,-3.087211,"AV598"
"103420810",22,4,7,17,14,32,37.154651,-3.087298,"AV598"
"103480344",22,4,7,17,20,32,37.154533,-3.087329,"AV598"
"103545755",22,4,7,17,26,37,37.154518,-3.087294,"AV598"
"103569322",22,4,7,17,32,0,37.15459,-3.08744,"AV598"
"103611810",22,4,7,17,37,42,37.154747,-3.087354,"AV598"
"103857551",22,4,7,18,1,47,37.154533,-3.087364,"AV598"
"103877591",22,4,7,18,7,7,37.154479,-3.087229,"AV598"
"103943432",22,4,7,18,13,13,37.154525,-3.087019,"AV598"
"104009208",22,4,7,18,19,19,37.154472,-3.087018,"AV598"
"104074900",22,4,7,18,25,25,37.154556,-3.087169,"AV598"
"104140507",22,4,7,18,31,31,37.154575,-3.087285,"AV598"
"104195250",22,4,7,18,37,25,37.154552,-3.087254,"AV598"
"104260993",22,4,7,18,43,31,37.15493,-3.087325,"AV598"
"104326625",22,4,7,18,49,37,37.154556,-3.08744,"AV598"
"104392157",22,4,7,18,55,42,37.154598,-3.087261,"AV598"
"104457681",22,4,7,19,1,47,37.154582,-3.087286,"AV598"
"104523145",22,4,7,19,7,52,37.154567,-3.087358,"AV598"
"104583639",22,4,7,19,13,52,37.154594,-3.08731,"AV598"
"104649007",22,4,7,19,19,57,37.154392,-3.087114,"AV598"
"104864755",22,4,7,19,38,32,37.154609,-3.087327,"AV598"
"105917727",22,4,7,21,6,1,37.154644,-3.087155,"AV598"
"106730329",22,4,7,22,14,30,37.154682,-3.087601,"AV598"
"109210331",22,4,8,1,40,39,37.154582,-3.087252,"AV598"
"109953086",22,4,8,2,42,56,37.154651,-3.087138,"AV598"
"112643921",22,4,8,6,27,28,37.154624,-3.087294,"AV598"
"112709651",22,4,8,6,33,33,37.154708,-3.087074,"AV598"
"112773720",22,4,8,6,39,37,37.154525,-3.087252,"AV598"
"112844148",22,4,8,6,45,47,37.154521,-3.087192,"AV598"
"112909827",22,4,8,6,51,52,37.154369,-3.087097,"AV598"
"112975803",22,4,8,6,57,58,37.154552,-3.087324,"AV598"
"113040004",22,4,8,7,4,2,37.154365,-3.08718,"AV598"
"113105329",22,4,8,7,10,7,37.154396,-3.087377,"AV598"
"113246312",22,4,8,7,22,27,37.154571,-3.087244,"AV598"
"113311578",22,4,8,7,28,32,37.154376,-3.087161,"AV598"
"113366676",22,4,8,7,34,27,37.154376,-3.087174,"AV598"
"113432892",22,4,8,7,40,33,37.154727,-3.08739,"AV598"
"113498272",22,4,8,7,46,38,37.154655,-3.087294,"AV598"
"115896430",22,4,8,11,6,31,37.154178,-3.086881,"AV598"
"116036924",22,4,8,11,18,52,37.154418,-3.087186,"AV598"
"116092130",22,4,8,11,24,47,37.15459,-3.087253,"AV598"
"116158132",22,4,8,11,30,53,37.154624,-3.087313,"AV598"
"116299155",22,4,8,11,43,14,37.154712,-3.087361,"AV598"
"116327057",22,4,8,11,48,42,37.154438,-3.087293,"AV598"
"116389836",22,4,8,11,54,45,37.154422,-3.087226,"AV598"
"116437636",22,4,8,12,0,33,37.154514,-3.087234,"AV598"
"116470487",22,4,8,12,6,6,37.154865,-3.087372,"AV598"
"116536223",22,4,8,12,12,12,37.154453,-3.087025,"AV598"
"116598005",22,4,8,12,18,14,37.154773,-3.087393,"AV598"
"116667549",22,4,8,12,24,24,37.154808,-3.087269,"AV598"
"116808206",22,4,8,12,36,44,37.154804,-3.087199,"AV598"
"116869627",22,4,8,12,42,45,37.154743,-3.087198,"AV598"
"116931077",22,4,8,12,48,46,37.154663,-3.08713,"AV598"
"116972551",22,4,8,12,54,27,37.154685,-3.087131,"AV598"
"117013835",22,4,8,13,0,8,37.15467,-3.087146,"AV598"
"117027007",22,4,8,13,5,21,37.154712,-3.087211,"AV598"
"117038076",22,4,8,13,10,32,37.154792,-3.086751,"AV598"
"117050716",22,4,8,13,15,45,37.155036,-3.086714,"AV598"
"117059793",22,4,8,13,20,53,37.155055,-3.0869,"AV598"
"117069871",22,4,8,13,26,3,37.154754,-3.086941,"AV598"
"117079931",22,4,8,13,31,14,37.154865,-3.087042,"AV598"
"117090005",22,4,8,13,36,24,37.154968,-3.086214,"AV598"
"117099104",22,4,8,13,41,33,37.155277,-3.086159,"AV598"
"117120268",22,4,8,13,46,55,37.154918,-3.086236,"AV598"
"117129377",22,4,8,13,52,4,37.156059,-3.085777,"AV598"
"117147151",22,4,8,13,57,22,37.156074,-3.085997,"AV598"
"117161231",22,4,8,14,2,36,37.155883,-3.086166,"AV598"
"117169300",22,4,8,14,7,44,37.156097,-3.086034,"AV598"
"117179380",22,4,8,14,12,54,37.155586,-3.08583,"AV598"
"117188473",22,4,8,14,18,4,37.15554,-3.085861,"AV598"
"117202535",22,4,8,14,23,18,37.155834,-3.08623,"AV598"
"117214600",22,4,8,14,28,30,37.155609,-3.085793,"AV598"
"117224670",22,4,8,14,33,40,37.155311,-3.08599,"AV598"
"117233714",22,4,8,14,38,49,37.155235,-3.086105,"AV598"
"117251591",22,4,8,14,44,8,37.155204,-3.086,"AV598"
"117260663",22,4,8,14,49,17,37.155376,-3.085541,"AV598"
"117326056",22,4,8,14,55,23,37.156288,-3.08442,"AV598"
"117375335",22,4,8,15,1,12,37.156932,-3.083656,"AV598"
"117404455",22,4,8,15,6,41,37.157394,-3.083675,"AV598"
"117442425",22,4,8,15,12,19,37.157463,-3.083694,"AV598"
"117457308",22,4,8,15,17,34,37.157726,-3.084115,"AV598"
"117476096",22,4,8,15,22,53,37.157875,-3.084411,"AV598"
"117495755",22,4,8,15,28,13,37.15805,-3.084562,"AV598"
"117514236",22,4,8,15,33,31,37.157947,-3.084319,"AV598"
"117530509",22,4,8,15,38,47,37.15821,-3.084768,"AV598"
"117550632",22,4,8,15,44,7,37.15826,-3.084934,"AV598"
"117566418",22,4,8,15,49,23,37.158004,-3.084367,"AV598"
"117580507",22,4,8,15,54,37,37.158058,-3.084259,"AV598"
"117603879",22,4,8,16,0,1,37.158004,-3.084527,"AV598"
"117612894",22,4,8,16,5,9,37.157936,-3.084743,"AV598"
"117622950",22,4,8,16,10,19,37.157814,-3.084624,"AV598"
"117632979",22,4,8,16,15,30,37.157402,-3.083853,"AV598"
"117641046",22,4,8,16,20,38,37.157405,-3.083281,"AV598"
"117650108",22,4,8,16,25,47,37.157299,-3.083356,"AV598"
"117661200",22,4,8,16,30,58,37.155986,-3.084943,"AV598"
"117676992",22,4,8,16,36,14,37.155158,-3.085598,"AV598"
"117685786",22,4,8,16,41,23,37.154678,-3.087177,"AV598"
"117694519",22,4,8,16,46,32,37.154685,-3.087203,"AV598"
"117708179",22,4,8,16,51,45,37.154712,-3.086879,"AV598"
"117745633",22,4,8,16,57,22,37.154598,-3.087429,"AV598"
"117811758",22,4,8,17,3,28,37.154533,-3.087385,"AV598"
"117840789",22,4,8,17,8,57,37.154602,-3.087505,"AV598"
"117906522",22,4,8,17,15,3,37.154563,-3.087389,"AV598"
"117938227",22,4,8,17,20,35,37.154533,-3.087368,"AV598"
"117949981",22,4,8,17,25,46,37.154541,-3.087324,"AV598"
"118015517",22,4,8,17,31,52,37.154579,-3.087467,"AV598"
"118038166",22,4,8,17,37,14,37.154613,-3.087498,"AV598"
"118051840",22,4,8,17,42,27,37.15456,-3.087461,"AV598"
"118061983",22,4,8,17,47,36,37.154598,-3.087472,"AV598"
"118132357",22,4,8,17,53,47,37.154655,-3.087659,"AV598"
"118304099",22,4,8,18,11,38,37.154697,-3.08716,"AV598"
"118320436",22,4,8,18,16,54,37.154609,-3.087719,"AV598"
"118379646",22,4,8,18,22,53,37.15483,-3.08676,"AV598"
"118445684",22,4,8,18,28,59,37.15472,-3.087172,"AV598"
"118493615",22,4,8,18,34,47,37.154582,-3.08726,"AV598"
"118536637",22,4,8,18,40,30,37.154571,-3.087318,"AV598"
"118579670",22,4,8,18,46,13,37.154613,-3.087217,"AV598"
"118588196",22,4,8,18,51,21,37.154563,-3.087233,"AV598"
"119327859",22,4,8,19,53,39,37.154563,-3.087148,"AV598"
"120724768",22,4,8,21,51,53,37.154453,-3.087266,"AV598"
"120760340",22,4,8,21,57,28,37.154533,-3.08711,"AV598"
"122335861",22,4,9,0,8,41,37.154586,-3.087909,"AV598"
"122401618",22,4,9,0,14,47,37.154411,-3.087086,"AV598"
"122428547",22,4,9,0,20,14,37.154518,-3.087219,"AV598"
"123171400",22,4,9,1,22,35,37.154521,-3.087115,"AV598"
"123237106",22,4,9,1,28,41,37.15446,-3.087204,"AV598"
"123378170",22,4,9,1,41,2,37.154434,-3.087015,"AV598"
"123443999",22,4,9,1,47,8,37.154449,-3.087171,"AV598"
"123509971",22,4,9,1,53,14,37.154365,-3.08706,"AV598"
"123576005",22,4,9,1,59,20,37.15456,-3.087188,"AV598"
"123642240",22,4,9,2,5,26,37.154533,-3.087291,"AV598"
"123707657",22,4,9,2,11,31,37.154525,-3.087169,"AV598"
"123773205",22,4,9,2,17,36,37.154293,-3.086956,"AV598"
"123838916",22,4,9,2,23,41,37.154575,-3.087197,"AV598"
"123884860",22,4,9,2,29,27,37.154674,-3.087381,"AV598"
"125606272",22,4,9,4,53,1,37.154094,-3.087053,"AV598"
"125672410",22,4,9,4,59,7,37.154533,-3.087222,"AV598"
"125744778",22,4,9,5,5,19,37.15456,-3.087236,"AV598"
"126487328",22,4,9,6,7,39,37.154636,-3.087143,"AV598"
"126552591",22,4,9,6,13,44,37.154575,-3.087193,"AV598"
"126617877",22,4,9,6,19,49,37.15464,-3.08706,"AV598"
"126683120",22,4,9,6,25,54,37.154674,-3.087257,"AV598"
"126749348",22,4,9,6,32,0,37.154476,-3.087676,"AV598"
"126890729",22,4,9,6,44,21,37.154735,-3.08699,"AV598"
"126956820",22,4,9,6,50,27,37.15485,-3.08707,"AV598"
"127097966",22,4,9,7,2,48,37.154621,-3.08702,"AV598"
"128018892",22,4,9,8,23,6,37.154571,-3.08689,"AV598"
"128030130",22,4,9,8,28,17,37.154655,-3.086837,"AV598"
"128040329",22,4,9,8,33,26,37.154773,-3.087294,"AV598"
"128055730",22,4,9,8,38,42,37.154811,-3.08704,"AV598"
"128074054",22,4,9,8,44,0,37.154624,-3.086732,"AV598"
"128084216",22,4,9,8,49,9,37.154605,-3.086488,"AV598"
"128101389",22,4,9,8,54,27,37.154464,-3.086819,"AV598"
"128115506",22,4,9,8,59,41,37.154815,-3.087058,"AV598"
"128164359",22,4,9,9,5,30,37.155029,-3.086811,"AV598"
"128226102",22,4,9,9,11,32,37.154575,-3.087225,"AV598"
"128284739",22,4,9,9,17,31,37.154769,-3.087324,"AV598"
"128350330",22,4,9,9,23,36,37.154815,-3.087332,"AV598"
"128361884",22,4,9,9,28,46,37.154201,-3.087342,"AV598"
"128414798",22,4,9,9,34,39,37.154804,-3.087292,"AV598"
"128428975",22,4,9,9,39,53,37.154808,-3.087313,"AV598"
"128439328",22,4,9,9,45,3,37.154693,-3.087296,"AV598"
"128449847",22,4,9,9,50,12,37.15472,-3.087414,"AV598"
"128460445",22,4,9,9,55,22,37.154777,-3.087398,"AV598"
"128471505",22,4,9,10,0,33,37.154571,-3.087455,"AV598"
"128489599",22,4,9,10,5,51,37.15464,-3.087331,"AV598"
"128505821",22,4,9,10,11,7,37.154853,-3.087377,"AV598"
"128515229",22,4,9,10,16,16,37.154712,-3.087459,"AV598"
"128523771",22,4,9,10,21,24,37.153587,-3.088184,"AV598"
"128532846",22,4,9,10,26,32,37.151512,-3.089821,"AV598"
"128541919",22,4,9,10,31,41,37.149482,-3.090791,"AV598"
"128551051",22,4,9,10,36,50,37.148731,-3.089649,"AV598"
"128562196",22,4,9,10,42,2,37.148082,-3.089646,"AV598"
"128570273",22,4,9,10,47,10,37.147056,-3.089904,"AV598"
"128580374",22,4,9,10,52,20,37.146194,-3.090173,"AV598"
"128588443",22,4,9,10,57,28,37.145465,-3.090547,"AV598"
"128596514",22,4,9,11,2,36,37.144706,-3.090734,"AV598"
"128604594",22,4,9,11,7,45,37.143898,-3.091109,"AV598"
"128613710",22,4,9,11,12,54,37.143115,-3.091051,"AV598"
"128621808",22,4,9,11,18,2,37.142734,-3.091217,"AV598"
"128634776",22,4,9,11,23,16,37.142017,-3.090991,"AV598"
"128643843",22,4,9,11,28,25,37.141426,-3.090829,"AV598"
"128657327",22,4,9,11,33,39,37.140747,-3.09102,"AV598"
"128665437",22,4,9,11,38,46,37.14022,-3.091481,"AV598"
"128674563",22,4,9,11,43,56,37.139595,-3.09155,"AV598"
"128692469",22,4,9,11,49,14,37.13906,-3.091835,"AV598"
"128701579",22,4,9,11,54,23,37.138404,-3.092151,"AV598"
"128711739",22,4,9,11,59,33,37.137725,-3.091712,"AV598"
"128721924",22,4,9,12,4,43,37.13692,-3.091722,"AV598"
"128739189",22,4,9,12,10,1,37.136222,-3.091752,"AV598"
"128759312",22,4,9,12,15,21,37.135658,-3.091483,"AV598"
"128775322",22,4,9,12,20,37,37.135097,-3.091077,"AV598"
"128816108",22,4,9,12,26,18,37.133903,-3.090783,"AV598"
"128842777",22,4,9,12,31,45,37.13277,-3.090638,"AV598"
"128908198",22,4,9,12,37,50,37.130916,-3.089808,"AV598"
"128917303",22,4,9,12,42,58,37.129577,-3.089072,"AV598"
"128963709",22,4,9,12,48,45,37.128227,-3.087223,"AV598"
"128976114",22,4,9,12,53,57,37.12992,-3.084704,"AV598"
"128988568",22,4,9,12,59,9,37.129642,-3.084203,"AV598"
"128998660",22,4,9,13,4,18,37.130001,-3.084626,"AV598"
"129007739",22,4,9,13,9,27,37.129875,-3.084738,"AV598"
"129018860",22,4,9,13,14,38,37.129661,-3.084657,"AV598"
"129026968",22,4,9,13,19,46,37.129924,-3.084449,"AV598"
"129035076",22,4,9,13,24,55,37.129562,-3.084642,"AV598"
"129044143",22,4,9,13,30,4,37.12902,-3.084287,"AV598"
"129054207",22,4,9,13,35,14,37.12849,-3.084906,"AV598"
"129063339",22,4,9,13,40,23,37.12812,-3.085101,"AV598"
"129071439",22,4,9,13,45,31,37.127586,-3.085738,"AV598"
"129079526",22,4,9,13,50,39,37.127143,-3.086267,"AV598"
"129088641",22,4,9,13,55,47,37.126972,-3.086168,"AV598"
"129103839",22,4,9,14,1,3,37.127857,-3.085156,"AV598"
"129129062",22,4,9,14,6,28,37.128009,-3.085816,"AV598"
"129137617",22,4,9,14,11,36,37.128276,-3.08584,"AV598"
"129146169",22,4,9,14,16,44,37.128181,-3.085924,"AV598"
"129159725",22,4,9,14,21,57,37.128265,-3.085763,"AV598"
"129169840",22,4,9,14,27,6,37.128517,-3.085715,"AV598"
"129177935",22,4,9,14,32,14,37.128498,-3.085691,"AV598"
"129195837",22,4,9,14,37,32,37.128597,-3.085839,"AV598"
"129204924",22,4,9,14,42,41,37.128665,-3.085733,"AV598"
"129245921",22,4,9,14,48,22,37.128273,-3.087151,"AV598"
"129255035",22,4,9,14,53,30,37.129497,-3.08846,"AV598"
"129281185",22,4,9,14,58,57,37.129951,-3.088935,"AV598"
"129304464",22,4,9,15,4,20,37.131202,-3.089956,"AV598"
"129313942",22,4,9,15,9,29,37.132514,-3.090799,"AV598"
"129323549",22,4,9,15,14,38,37.133396,-3.090746,"AV598"
"129337240",22,4,9,15,19,51,37.13401,-3.090831,"AV598"
"129346860",22,4,9,15,24,59,37.134822,-3.091118,"AV598"
"129355994",22,4,9,15,30,8,37.135543,-3.091673,"AV598"
"129365089",22,4,9,15,35,17,37.136238,-3.091973,"AV598"
"129374238",22,4,9,15,40,26,37.137321,-3.091908,"AV598"
"129383395",22,4,9,15,45,35,37.137504,-3.091621,"AV598"
"129392543",22,4,9,15,50,44,37.138317,-3.091474,"AV598"
"129400703",22,4,9,15,55,52,37.139575,-3.091516,"AV598"
"129421869",22,4,9,16,1,13,37.140991,-3.090954,"AV598"
"129431458",22,4,9,16,6,22,37.14233,-3.090998,"AV598"
"129444768",22,4,9,16,11,35,37.14344,-3.090778,"AV598"
"129453900",22,4,9,16,16,43,37.144538,-3.090274,"AV598"
"129463490",22,4,9,16,21,53,37.145687,-3.08973,"AV598"
"129476640",22,4,9,16,27,5,37.146736,-3.089622,"AV598"
"129486230",22,4,9,16,32,14,37.147998,-3.089514,"AV598"
"129504008",22,4,9,16,37,32,37.149486,-3.090084,"AV598"
"129512847",22,4,9,16,42,41,37.150627,-3.0902,"AV598"
"129529680",22,4,9,16,47,58,37.151752,-3.088961,"AV598"
"129567406",22,4,9,16,53,36,37.15277,-3.087944,"AV598"
"129579499",22,4,9,16,58,48,37.155048,-3.088366,"AV598"
"129597263",22,4,9,17,4,6,37.154773,-3.087203,"AV598"
"129619003",22,4,9,17,9,28,37.154823,-3.087176,"AV598"
"129721330",22,4,9,17,21,10,37.154937,-3.087561,"AV598"
"129746492",22,4,9,17,26,36,37.154827,-3.087486,"AV598"
"129793524",22,4,9,17,32,23,37.155063,-3.087288,"AV598"
"129859150",22,4,9,17,38,29,37.154815,-3.087466,"AV598"
"129924438",22,4,9,17,44,34,37.154857,-3.087593,"AV598"
"129943777",22,4,9,17,49,53,37.154792,-3.087411,"AV598"
"129975962",22,4,9,17,55,25,37.154895,-3.087414,"AV598"
"129998176",22,4,9,18,0,47,37.154762,-3.087349,"AV598"
"130018297",22,4,9,18,6,7,37.154903,-3.087374,"AV598"
"130032365",22,4,9,18,11,21,37.154617,-3.087414,"AV598"
"130098085",22,4,9,18,17,27,37.154457,-3.087407,"AV598"
"130163720",22,4,9,18,23,33,37.154541,-3.087229,"AV598"
"130180418",22,4,9,18,28,49,37.154579,-3.087314,"AV598"
"130245854",22,4,9,18,34,54,37.154594,-3.086986,"AV598"
"130271382",22,4,9,18,40,19,37.154479,-3.08734,"AV598"
"130280428",22,4,9,18,45,27,37.154457,-3.08723,"AV598"
"130290496",22,4,9,18,50,37,37.154479,-3.087266,"AV598"
"130307183",22,4,9,18,55,54,37.154483,-3.087224,"AV598"
"130316962",22,4,9,19,1,3,37.154472,-3.087237,"AV598"
"130329789",22,4,9,19,6,16,37.154518,-3.087157,"AV598"
"130339877",22,4,9,19,11,26,37.154502,-3.087267,"AV598"
"130349005",22,4,9,19,16,35,37.154506,-3.087291,"AV598"
"130358088",22,4,9,19,21,44,37.154529,-3.087329,"AV598"
"130384082",22,4,9,19,27,10,37.154506,-3.087116,"AV598"
"130449878",22,4,9,19,33,16,37.154567,-3.087214,"AV598"
"130477768",22,4,9,19,38,44,37.154552,-3.087257,"AV598"
"130490744",22,4,9,19,43,57,37.154552,-3.087266,"AV598"
"130503796",22,4,9,19,49,10,37.154556,-3.087222,"AV598"
"130510968",22,4,9,19,54,17,37.154582,-3.087277,"AV598"
"133059488",22,4,9,23,26,43,37.154819,-3.087471,"AV598"
"133097331",22,4,9,23,32,20,37.155475,-3.087894,"AV598"
"133164002",22,4,9,23,38,27,37.155467,-3.087931,"AV598"
"133229831",22,4,9,23,44,33,37.15464,-3.087342,"AV598"
"133295638",22,4,9,23,50,39,37.155151,-3.087605,"AV598"
"135242787",22,4,10,2,33,1,37.154479,-3.087242,"AV598"
"135308030",22,4,10,2,39,6,37.154594,-3.087318,"AV598"
"138587982",22,4,10,7,13,36,37.15467,-3.087231,"AV598"
"138608773",22,4,10,7,18,56,37.154621,-3.087242,"AV598"
"138637498",22,4,10,7,24,25,37.154655,-3.087237,"AV598"
"138647187",22,4,10,7,29,34,37.154628,-3.087207,"AV598"
"138660680",22,4,10,7,34,47,37.154624,-3.087127,"AV598"
"138669959",22,4,10,7,39,56,37.154617,-3.087074,"AV598"
"138684971",22,4,10,7,45,11,37.157081,-3.093279,"AV598"
"138696614",22,4,10,7,50,23,37.154605,-3.087065,"AV598"
"138733777",22,4,10,7,56,0,37.154621,-3.087131,"AV598"
"138762389",22,4,10,8,1,29,37.154609,-3.087115,"AV598"
"138782579",22,4,10,8,6,49,37.154655,-3.087184,"AV598"
"138801375",22,4,10,8,12,8,37.154659,-3.087236,"AV598"
"138844562",22,4,10,8,17,52,37.154659,-3.08717,"AV598"
"138855204",22,4,10,8,23,3,37.154754,-3.087239,"AV598"
"138867289",22,4,10,8,28,15,37.154804,-3.087341,"AV598"
"138885715",22,4,10,8,33,34,37.154834,-3.087027,"AV598"
"138898267",22,4,10,8,38,46,37.154666,-3.087109,"AV598"
"138907849",22,4,10,8,43,56,37.154808,-3.087181,"AV598"
"138917472",22,4,10,8,49,6,37.154853,-3.087131,"AV598"
"138930126",22,4,10,8,54,18,37.154792,-3.087184,"AV598"
"138939805",22,4,10,8,59,28,37.154834,-3.087087,"AV598"
"138950434",22,4,10,9,4,39,37.1548,-3.087183,"AV598"
"138960133",22,4,10,9,9,48,37.154563,-3.087068,"AV598"
